id_parlamentar,casa,nome_eleitoral,partido,UF,twitter,seguidores,segue,n_proprio,n_retweet,engaj_total,engaj_total_proprio,engaj_total_retweet,engaj_mediano,engaj_mediano_proprio,engaj_mediano_retweet,engaj_max,engaj_max_proprio,engaj_max_retweet
204554,câmara,ABÍLIO SANTANA,PR,BA,AbilioSantana_,NA,NA,0,0,0,0,0,0,0,0,0,0,0
204521,câmara,ABOU ANNI,PSL,SP,abouannipv,NA,NA,0,0,0,0,0,0,0,0,0,0,0
204379,câmara,ACÁCIO FAVACHO,PROS,AP,FavachoAcacio,NA,NA,0,0,0,0,0,0,0,0,0,0,0
204560,câmara,ADOLFO VIANA,PSDB,BA,AdolfoViana_,NA,NA,0,0,0,0,0,0,0,0,0,0,0
204528,câmara,ADRIANA VENTURA,NOVO,SP,adrianasounovo,4652,315,99,9,7090,6701,389,26.5,22.5,0,1031,1031,99
121948,câmara,ADRIANO DO BALDY,PP,GO,AdrianoBaldy,NA,NA,0,0,0,0,0,0,0,0,0,0,0
74646,câmara,AÉCIO NEVES,PSDB,MG,AecioNeves,NA,NA,0,0,0,0,0,0,0,0,0,0,0
160508,câmara,AFONSO FLORENCE,PT,BA,AfonsoFlorence‏,NA,NA,0,0,0,0,0,0,0,0,0,0,0
136811,câmara,AFONSO HAMM,PP,RS,depafonsohamm,NA,NA,0,0,0,0,0,0,0,0,0,0,0
178835,câmara,AFONSO MOTTA,PDT,RS,afonso_motta,NA,NA,0,0,0,0,0,0,0,0,0,0,0
160527,câmara,AGUINALDO RIBEIRO,PP,PB,aguinaldo1111,NA,NA,0,0,0,0,0,0,0,0,0,0,0
204495,câmara,AIRTON FALEIRO,PT,PA,FALEIRO13,NA,NA,0,0,0,0,0,0,0,0,0,0,0
204549,câmara,AJ ALBUQUERQUE,PP,CE,NA,NA,NA,NA,NA,NA,NA,NA,NA,NA,NA,NA,NA,NA
178836,câmara,ALAN RICK,DEM,AC,Alan_Rick,3983,995,49,1,4286,284,4002,4,4,0,4002,38,4002
160559,câmara,ALCEU MOREIRA,MDB,RS,Alceu_Moreira,6370,434,214,30,6852,2239,4613,8,8,0,4227,136,4227
204413,câmara,ALCIDES RODRIGUES,PRP,GO,NA,NA,NA,NA,NA,NA,NA,NA,NA,NA,NA,NA,NA,NA
204545,câmara,ALÊ SILVA,PSL,MG,oficialalesilva,464,267,39,4,10231,186,10045,4,4,0,8171,14,8171
204501,câmara,ALENCAR SANTANA BRAGA,PT,SP,AlencarBraga13,6447,3253,346,100,69348,47967,21381,16.5,12,0,12335,12335,8623
160511,câmara,ALESSANDRO MOLON,PSB,RJ,AlessandroMolon,NA,NA,0,0,0,0,0,0,0,0,0,0,0
178972,câmara,ALEX MANENTE,PPS,SP,alexmanentepps,NA,NA,0,0,0,0,0,0,0,0,0,0,0
204571,câmara,ALEX SANTANA,PDT,BA,NA,NA,NA,NA,NA,NA,NA,NA,NA,NA,NA,NA,NA,NA
204544,câmara,ALEXANDRE FROTA,PSL,SP,alefrotabrasil,161745,2015,830,169,566011,320063,245948,134,60,0,20348,7271,20348
160545,câmara,ALEXANDRE LEITE,DEM,SP,lexandreleite,1134,140,58,15,30,23,7,0,0,0,4,4,2
204503,câmara,ALEXANDRE PADILHA,PT,SP,padilhando,147085,1035,485,204,112251,89409,22842,49,27,0,3643,3643,3302
178833,câmara,ALEXANDRE SERFIOTIS,PSD,RJ,AleSerfiotis,880,41,1,1,2,1,1,1,0.5,0.5,1,1,1
204516,câmara,ALEXIS FONTEYNE,NOVO,SP,AlexisFonteyne,6417,384,201,95,39439,29860,9579,67,22,0,1834,1834,1575
74057,câmara,ALICE PORTUGAL,PCdoB,BA,Alice_Portugal,17686,2207,290,45,88433,9732,78701,12,8,0,27800,976,27800
178927,câmara,ALIEL MACHADO,PSB,PR,alielmachado,5067,957,70,50,75207,1126,74081,6,1.5,0,25704,191,25704
204353,câmara,ALINE GURGEL,PRB,AP,alinegurgel1000,4186,2381,139,108,8530,1198,7332,6,2,0,1129,149,1129
204400,câmara,ALINE SLEUTJES,PSL,PR,NA,NA,NA,NA,NA,NA,NA,NA,NA,NA,NA,NA,NA,NA
178937,câmara,ALTINEU CÔRTES,PR,RJ,Altineu,2221,118,21,0,10,10,0,0,0,0,4,4,0
178881,câmara,ALUISIO MENDES,PODE,MA,AluisioMendesMA,3318,57,22,1,56,53,3,2,2,0,8,8,3
204356,câmara,AMARO NETO,PRB,ES,amaronetotv,NA,NA,0,0,0,0,0,0,0,0,0,0,0
178831,câmara,ANDRÉ ABDON,PP,AP,dep_andreabdon‏,NA,NA,0,0,0,0,0,0,0,0,0,0,0
74471,câmara,ANDRÉ DE PAULA,PSD,PE,NA,NA,NA,NA,NA,NA,NA,NA,NA,NA,NA,NA,NA,NA
204423,câmara,ANDRÉ FERREIRA,PSC,PE,NA,NA,NA,NA,NA,NA,NA,NA,NA,NA,NA,NA,NA,NA
133439,câmara,ANDRÉ FIGUEIREDO,PDT,CE,andrepdt12,6429,597,131,12,13238,9832,3406,37,31,0,2270,1089,2270
178882,câmara,ANDRÉ FUFUCA,PP,MA,DepAndreFufuca,NA,NA,0,0,0,0,0,0,0,0,0,0,0
204515,câmara,ANDRÉ JANONES,AVANTE,MG,AndreJanonesAdv,2495,62,61,0,1643,1643,0,13,13,0,234,234,0
73696,câmara,ANGELA AMIN,PP,SC,angelaamin11,NA,NA,0,0,0,0,0,0,0,0,0,0,0
160553,câmara,ANTONIO BRITO,PSD,BA,antoniobritoba,NA,NA,0,0,0,0,0,0,0,0,0,0,0
73433,câmara,ARLINDO CHINAGLIA,PT,SP,achinaglia,7752,120,7,1,76,69,7,12,12,0,16,16,7
141391,câmara,ARNALDO JARDIM,PPS,SP,ArnaldoJardim,5482,505,130,44,6042,790,5252,4,3,0,4762,105,4762
204414,câmara,AROLDO MARTINS,PRB,PR,aroldomartins,1712,111,116,0,278,278,0,2,2,0,14,14,0
160541,câmara,ARTHUR LIRA,PP,AL,DEPArthurLira,NA,NA,0,0,0,0,0,0,0,0,0,0,0
160600,câmara,ARTHUR OLIVEIRA MAIA,DEM,BA,departhurmaia,NA,NA,0,0,0,0,0,0,0,0,0,0,0
159237,câmara,ASSIS CARVALHO,PT,PI,assis_carvalho,3997,472,188,88,84360,1540,82820,4,1,0,9014,478,9014
74090,câmara,ÁTILA LINS,PP,AM,NA,NA,NA,NA,NA,NA,NA,NA,NA,NA,NA,NA,NA,NA
74459,câmara,ÁTILA LIRA,PSB,PI,deputadoatila,NA,NA,0,0,0,0,0,0,0,0,0,0,0
160665,câmara,AUGUSTO COUTINHO,SOLIDARIEDADE,PE,augustocmelo ‏,NA,NA,0,0,0,0,0,0,0,0,0,0,0
204509,câmara,ÁUREA CAROLINA,PSOL,MG,aureacarolinax,33960,2459,440,132,233521,145508,88013,68.5,33.5,0,49238,49238,13382
160512,câmara,AUREO RIBEIRO,SOLIDARIEDADE,RJ,DeputadoAureo,NA,NA,0,0,0,0,0,0,0,0,0,0,0
69871,câmara,BACELAR,PODE,BA,DeputadoBacelar,8168,1790,1682,318,306591,5712,300879,3,2,0,8916,115,8916
178975,câmara,BALEIA ROSSI,MDB,SP,baleia_rossi,NA,NA,0,0,0,0,0,0,0,0,0,0,0
73701,câmara,BENEDITA DA SILVA,PT,RJ,dasilvabenedita ‏,NA,NA,0,0,0,0,0,0,0,0,0,0,0
109429,câmara,BENES LEOCÁDIO,PRB,RN,NA,NA,NA,NA,NA,NA,NA,NA,NA,NA,NA,NA,NA,NA
141335,câmara,BETO FARO,PT,PA,BetoFaroPT ‏,NA,NA,0,0,0,0,0,0,0,0,0,0,0
204358,câmara,BETO PEREIRA,PSDB,MS,betopereirams,47,204,56,4,159,152,7,1,1,0,59,59,3
178948,câmara,BETO ROSADO,PP,RN,betorosado,NA,NA,0,0,0,0,0,0,0,0,0,0,0
207176,câmara,BIA CAVASSA,PSDB,MS,BiaCavassa,38,8,3,2,15,6,9,2,2,0,8,2,8
204374,câmara,BIA KICIS,PSL,DF,Biakicis,81544,742,368,625,1893839,717602,1176237,773,0,202,52614,27501,52614
204388,câmara,BIBO NUNES,PSL,RS,bibonunes1,NA,NA,0,0,0,0,0,0,0,0,0,0,0
141513,câmara,BILAC PINTO,DEM,MG,bilac_pinto,NA,NA,0,0,0,0,0,0,0,0,0,0,0
204561,câmara,BIRA DO PINDARÉ,PSB,MA,BiradoPindare,9032,627,264,165,151052,3344,147708,11,4,0,24527,168,24527
204397,câmara,BOCA ABERTA,PROS,PR,BocaAbertaOf,247,210,116,11,955,427,528,3,2,0,444,27,444
160538,câmara,BOHN GASS,PT,RS,BOHNGASS,NA,NA,0,0,0,0,0,0,0,0,0,0,0
74052,câmara,BOSCO COSTA,PR,SE,BoscoCosta1234,NA,NA,0,0,0,0,0,0,0,0,0,0,0
204551,câmara,BOSCO SARAIVA,SOLIDARIEDADE,AM,boscosaraiva,1944,863,133,1,2306,2296,10,17,17,0,39,39,10
160589,câmara,BRUNA FURLAN,PSDB,SP,BrunaFurlan_,NA,NA,0,0,0,0,0,0,0,0,0,0,0
204520,câmara,CABO JUNIO AMARAL,PSL,MG,cabojunioamaral,7575,63,38,3,46227,21803,24424,243,182,0,19559,9516,19559
93083,câmara,CACÁ LEÃO,PP,BA,CacaLeao‏,NA,NA,0,0,0,0,0,0,0,0,0,0,0
178853,câmara,CAETANO,PT,BA,DepCaetano‏,NA,NA,0,0,0,0,0,0,0,0,0,0,0
204352,câmara,CAMILO CAPIBERIBE,PSB,AP,CamiloPSB,43203,3369,142,127,49358,2985,46373,11,2,0,8880,238,8880
204572,câmara,CAPITÃO ALBERTO NETO,PRB,AM,capalbertoneto,224,53,82,4,599,587,12,7,7,0,19,19,5
178829,câmara,CAPITÃO AUGUSTO,PR,SP,capitao_augusto,NA,NA,0,0,0,0,0,0,0,0,0,0,0
178924,câmara,CAPITÃO FÁBIO ABREU,PR,PI,depfabioabreu,49,23,61,0,85,85,0,1,1,0,5,5,0
204487,câmara,CAPITÃO WAGNER,PROS,CE,capitao_wagner,2442,439,58,1,791,790,1,14,14,0,69,69,1
204507,câmara,CARLA ZAMBELLI,PSL,SP,CarlaZambelli17,103029,156,776,223,3310137,2822907,487230,848,88,0,33584,33584,28088
141401,câmara,CARLOS BEZERRA,MDB,MT,CarlosBezerraJr,49967,15152,117,17,6696,4636,2060,17,15,0,1407,370,1407
204361,câmara,CARLOS CHIODINI,MDB,SC,carloschiodini,1742,1333,55,11,10891,234,10657,4,3,0,5672,18,5672
178962,câmara,CARLOS GOMES,PRB,RS,carlosgomesdep,1518,1205,3,0,0,0,0,0,0,0,0,0,0
178993,câmara,CARLOS HENRIQUE GAGUIM,DEM,TO,carlos_gaguim,NA,NA,0,0,0,0,0,0,0,0,0,0,0
204460,câmara,CARLOS JORDY,PSL,RJ,carlosjordy,23127,907,533,134,672801,429406,243395,309,65,0,19730,13034,19730
74262,câmara,CARLOS SAMPAIO,PSDB,SP,carlossampaio_,62640,1812,37,0,7996,7996,0,149,149,0,1150,1150,0
204426,câmara,CARLOS VERAS,PT,PE,carlosveras1314,NA,NA,0,0,0,0,0,0,0,0,0,0,0
141398,câmara,CARLOS ZARATTINI,PT,SP,CarlosZarattini,15825,1050,225,327,244705,29580,215125,65,0,7.5,17271,3415,17271
164360,câmara,CARMEN ZANOTTO,PPS,SC,carmenzanotto,NA,NA,0,0,0,0,0,0,0,0,0,0,0
204369,câmara,CAROLINE DE TONI,PSL,SC,CarolDeToni3,5906,91,13,4,19964,1720,18244,127,103,0,10218,340,10218
204499,câmara,CÁSSIO ANDRADE,PSB,PA,Cassio_4011,1467,143,63,0,129,129,0,2,2,0,6,6,0
204380,câmara,CELINA LEÃO,PP,DF,celinaleao,5969,446,66,6,3182,210,2972,2,2,0,2294,22,2294
204370,câmara,CÉLIO MOURA,PT,TO,CelioMoura13,NA,NA,0,0,0,0,0,0,0,0,0,0,0
178876,câmara,CÉLIO SILVEIRA,PSDB,GO,csilveira4599 ‏,NA,NA,0,0,0,0,0,0,0,0,0,0,0
204488,câmara,CÉLIO STUDART,PV,CE,CelioStudart,665,1269,23,0,244,244,0,11,11,0,24,24,0
141405,câmara,CELSO MALDANER,MDB,SC,celsomaldaner,NA,NA,0,0,0,0,0,0,0,0,0,0,0
73441,câmara,CELSO RUSSOMANNO,PRB,SP,celsorussomanno,130091,99,43,1,541,528,13,11.5,11,0,42,42,13
204496,câmara,CELSO SABINO,PSDB,PA,celso_sabino,1460,1168,113,4,3041,2997,44,18,18,0,881,881,14
204504,câmara,CEZINHA DE MADUREIRA,PSD,SP,Czmadureira,172,94,10,0,32,32,0,4,4,0,6,6,0
205476,câmara,CHARLES FERNANDES,PSD,BA,CharlesGbi,NA,NA,0,0,0,0,0,0,0,0,0,0,0
204490,câmara,CHARLLES EVANGELISTA,PSL,MG,charllesevg,278,429,44,3,2555,104,2451,2,2,0,1662,9,1662
141439,câmara,CHICO D'ANGELO,PDT,RJ,chico_dangelo,14914,4789,240,392,489022,3942,485080,91.5,0,66,45459,566,45459
204476,câmara,CHIQUINHO BRAZÃO,AVANTE,RJ,BrazaoChiquinho,163,19,8,0,10,10,0,1,1,0,3,3,0
204462,câmara,CHRIS TONIETTO,PSL,RJ,ChrisTonietto17,NA,NA,0,0,0,0,0,0,0,0,0,0,0
178928,câmara,CHRISTIANE DE SOUZA YARED,PR,PR,christianeyared,NA,NA,0,0,0,0,0,0,0,0,0,0,0
204440,câmara,CHRISTINO AUREO,PP,RJ,christinoaureo,1454,460,84,0,88,88,0,1,1,0,4,4,0
178939,câmara,CLARISSA GAROTINHO,PROS,RJ,dep_clarissa,14764,330,21,5,1174,143,1031,5,3,0,966,25,966
74537,câmara,CLAUDIO CAJADO,PP,BA,claudio_cajado,NA,NA,0,0,0,0,0,0,0,0,0,0,0
141408,câmara,CLEBER VERDE,PRB,MA,CleberVerde10 ‏,NA,NA,0,0,0,0,0,0,0,0,0,0,0
204376,câmara,CORONEL ARMANDO,PSL,SC,NA,NA,NA,NA,NA,NA,NA,NA,NA,NA,NA,NA,NA,NA
204378,câmara,CORONEL CHRISÓSTOMO,PSL,RO,NA,NA,NA,NA,NA,NA,NA,NA,NA,NA,NA,NA,NA,NA
204514,câmara,CORONEL TADEU,PSL,SP,CoronelTadeu,1473,463,228,27,73124,9444,63680,11,10,0,17245,3566,17245
178963,câmara,COVATTI FILHO,PP,RS,CovattiFilho,1857,962,1,1,6,5,1,3,2.5,0.5,5,5,1
135054,câmara,CRISTIANO VALE,PR,PA,NA,NA,NA,NA,NA,NA,NA,NA,NA,NA,NA,NA,NA,NA
204355,câmara,DA VITORIA,PPS,ES,josiasdavitoria,1713,180,33,0,80,80,0,2,2,0,8,8,0
141411,câmara,DAGOBERTO NOGUEIRA,PDT,MS,dagobertopdt,3547,2183,1,1,4,1,3,2,0.5,1.5,3,1,3
74467,câmara,DAMIÃO FELICIANO,PDT,PB,drdamiao,NA,NA,0,0,0,0,0,0,0,0,0,0,0
74060,câmara,DANIEL ALMEIDA,PCdoB,BA,Daniel_PCdoB‏,NA,NA,0,0,0,0,0,0,0,0,0,0,0
178916,câmara,DANIEL COELHO,PPS,PE,DanielCoelho23 ‏,NA,NA,0,0,0,0,0,0,0,0,0,0,0
204367,câmara,DANIEL FREITAS,PSL,SC,NA,NA,NA,NA,NA,NA,NA,NA,NA,NA,NA,NA,NA,NA
204454,câmara,DANIEL SILVEIRA,PSL,RJ,DanielPMERJ,2751,303,326,79,247553,36086,211467,8,3,0,12444,12444,9478
204409,câmara,DANIEL TRZECIAK,PSDB,RS,TrzeciakDaniel,1989,251,44,10,760,726,34,11,11,0,43,43,8
204459,câmara,DANIELA DO WAGUINHO,MDB,RJ,DanielaWaguinho,550,142,109,0,428,428,0,3,3,0,13,13,0
160528,câmara,DANILO CABRAL,PSB,PE,danilo4010 ‏,NA,NA,0,0,0,0,0,0,0,0,0,0,0
160552,câmara,DANRLEI DE DEUS HINTERHOLZ,PSD,RS,DanrleiFederal,NA,NA,0,0,0,0,0,0,0,0,0,0,0
116379,câmara,DARCI DE MATOS,PSD,SC,depdarcidematos,4188,1027,45,0,107,107,0,2,2,0,9,9,0
73891,câmara,DARCÍSIO PERONDI,MDB,RS,darcisioperondi,7101,2848,26,44,40555,28,40527,57,0,57,6137,6,6137
205548,câmara,DAVID MIRANDA,PSOL,RJ,davidmirandario,133979,660,134,89,1481212,1129205,352007,2250,287,0,102956,102956,62862
204511,câmara,DAVID SOARES,DEM,SP,DavidLouve,NA,NA,0,0,0,0,0,0,0,0,0,0,0
204451,câmara,DELEGADO ANTÔNIO FURTADO,PSL,RJ,delegadofurtado,NA,NA,0,0,0,0,0,0,0,0,0,0,0
178908,câmara,DELEGADO ÉDER MAURO,PSD,PA,EderMauroPA,5482,1081,190,191,537640,4882,532758,30,0,0,33706,156,33706
204512,câmara,DELEGADO MARCELO FREITAS,PSL,MG,NA,NA,NA,NA,NA,NA,NA,NA,NA,NA,NA,NA,NA,NA
204569,câmara,DELEGADO PABLO,PSL,AM,DelegadoPablo_,659,489,94,3,29378,769,28609,7,7,0,19559,30,19559
164359,câmara,DELEGADO WALDIR,PSL,GO,delegado_waldir,NA,NA,0,0,0,0,0,0,0,0,0,0,0
204542,câmara,DENIS BEZERRA,PSB,CE,denisbezerra,79,40,5,0,20,20,0,3,3,0,8,8,0
160588,câmara,DIEGO ANDRADE,PSD,MG,diegoandrade_mg,NA,NA,0,0,0,0,0,0,0,0,0,0,0
178929,câmara,DIEGO GARCIA,PODE,PR,diegogarciapr,1283,512,120,9,3277,755,2522,5,4,0,1532,48,1532
160599,câmara,DIMAS FABIANO,PP,MG,depdimasfabiano,NA,NA,0,0,0,0,0,0,0,0,0,0,0
143632,câmara,DOMINGOS NETO,PSD,CE,Domingos_Neto,9705,1157,32,3,1176,1172,4,5,5,0,1013,1013,2
160758,câmara,DOMINGOS SÁVIO,PSDB,MG,DomingosSavioMG,4389,274,75,2,610,607,3,2,2,0,318,318,2
204518,câmara,DR. FREDERICO,PATRI,MG,DrFredericoMG,21,128,39,3,234,71,163,2,2,0,69,6,69
204481,câmara,DR. JAZIEL,PR,CE,NA,NA,NA,NA,NA,NA,NA,NA,NA,NA,NA,NA,NA,NA
204439,câmara,DR. LEONARDO,SOLIDARIEDADE,MT,DrLeonardomt,92,219,175,18,3698,64,3634,0,0,0,3561,7,3561
204450,câmara,DR. LUIZ ANTONIO TEIXEIRA JR.,PP,RJ,drluizantoniojr,424,274,50,6,97404,760,96644,8.5,8,0,95235,290,95235
204351,câmara,DR. LUIZ OVANDO,PSL,MS,NA,NA,NA,NA,NA,NA,NA,NA,NA,NA,NA,NA,NA,NA
204412,câmara,DR. ZACHARIAS CALIL,DEM,GO,NA,NA,NA,NA,NA,NA,NA,NA,NA,NA,NA,NA,NA,NA
81297,câmara,DRA. SORAYA MANATO,PSL,ES,DraManato,466,47,25,0,225,225,0,7,7,0,31,31,0
204434,câmara,DRA. VANDA MILANI,SOLIDARIEDADE,AC,Vandamilani,NA,NA,0,0,0,0,0,0,0,0,0,0,0
178994,câmara,DULCE MIRANDA,MDB,TO,dulcemiranda_to,NA,NA,0,0,0,0,0,0,0,0,0,0,0
204562,câmara,EDILÁZIO JÚNIOR,PSD,MA,DepEdilazioJr,NA,NA,0,0,0,0,0,0,0,0,0,0,0
141417,câmara,EDIO LOPES,PR,RR,ediolopes,2510,463,197,0,113,113,0,0,0,0,4,4,0
134812,câmara,EDMILSON RODRIGUES,PSOL,PA,EdmilsonPSOL,26484,5334,210,120,66059,17094,48965,26,6.5,0,8485,6525,8485
204421,câmara,EDNA HENRIQUE,PSDB,PB,NA,NA,NA,NA,NA,NA,NA,NA,NA,NA,NA,NA,NA,NA
74655,câmara,EDUARDO BARBOSA,PSDB,MG,eduardobarbosa_,3213,239,77,15,220,125,95,1,1,0,46,7,46
204541,câmara,EDUARDO BISMARCK,PDT,CE,eduardobismarck,512,410,101,8,10040,235,9805,2,1,0,9794,20,9794
92346,câmara,EDUARDO BOLSONARO,PSL,SP,bolsonarosp,NA,NA,0,0,0,0,0,0,0,0,0,0,0
204552,câmara,EDUARDO BRAIDE,PMN,MA,SouEduardo33,NA,NA,0,0,0,0,0,0,0,0,0,0,0
204500,câmara,EDUARDO COSTA,PTB,PA,dep_eduardo,768,1090,39,0,75,75,0,2,2,0,6,6,0
178977,câmara,EDUARDO CURY,PSDB,SP,eduardo_cury,NA,NA,0,0,0,0,0,0,0,0,0,0,0
141421,câmara,EDUARDO DA FONTE,PP,PE,eduardodafonte,NA,NA,0,0,0,0,0,0,0,0,0,0,0
141422,câmara,EFRAIM FILHO,DEM,PB,efraimfilho,27351,21197,27,0,183,183,0,5,5,0,37,37,0
74075,câmara,ELCIONE BARBALHO,MDB,PA,elcionepmdb,6254,668,35,3,552,531,21,10,10,0,56,56,11
204364,câmara,ELI BORGES,SOLIDARIEDADE,TO,elidiasborges,656,124,24,0,19,19,0,0,0,0,9,9,0
160532,câmara,ELI CORRÊA FILHO,DEM,SP,NA,NA,NA,NA,NA,NA,NA,NA,NA,NA,NA,NA,NA,NA
204389,câmara,ELIAS VAZ,PSB,GO,EliasVazGyn,NA,NA,0,0,0,0,0,0,0,0,0,0,0
178854,câmara,ELMAR NASCIMENTO,DEM,BA,ElmarNascimento,NA,NA,0,0,0,0,0,0,0,0,0,0,0
198783,câmara,EMANUEL PINHEIRO NETO,PTB,MT,emanuelzinhomt,159,243,84,9,283,270,13,3,3,0,11,11,3
161550,câmara,EMIDINHO MADEIRA,PSB,MG,emidinhomadeira,NA,NA,0,0,0,0,0,0,0,0,0,0,0
207309,câmara,ENÉIAS REIS,PSL,MG,DepEneiasReis,NA,NA,0,0,0,0,0,0,0,0,0,0,0
132504,câmara,ENIO VERRI,PT,PR,enioverri,17219,177,147,327,732528,35648,696880,368,0,254,55731,3553,55731
204537,câmara,ENRICO MISASI,PV,SP,enricomisasi,NA,NA,0,0,0,0,0,0,0,0,0,0,0
160575,câmara,ERIKA KOKAY,PT,DF,erikakokay,55429,560,585,100,542528,399334,143194,253,167,0,16764,12867,16764
160640,câmara,EROS BIONDINI,PROS,MG,erosbiondini,79557,1032,167,26,38790,5126,33664,27,24,0,11811,156,11811
204482,câmara,EUCLYDES PETTERSEN,PSC,MG,EuclydesPetter,53,0,7,0,5,5,0,0,0,0,2,2,0
178871,câmara,EVAIR VIEIRA DE MELO,PP,ES,EvairdeMelo,1882,412,204,57,4605,308,4297,1,0,0,4215,23,4215
178930,câmara,EVANDRO ROMAN,PSD,PR,roman_evandro,2721,612,51,1,86,84,2,1,1,0,8,8,2
178953,câmara,EXPEDITO NETTO,PSD,RO,netto_expedito,1122,122,21,4,71,41,30,2,1,0,26,6,26
141428,câmara,FÁBIO FARIA,PSD,RN,fabiofaria33,NA,NA,0,0,0,0,0,0,0,0,0,0,0
68720,câmara,FÁBIO HENRIQUE,PDT,SE,FabioHenriqueSE,8064,692,17,3,123,112,11,5,4.5,0,23,23,8
178969,câmara,FÁBIO MITIDIERI,PSD,SE,depfmitidieri,4727,594,236,25,21817,1334,20483,4,4,0,10591,39,10591
141427,câmara,FÁBIO RAMALHO,MDB,MG,_FabinhoRamalho,NA,NA,0,0,0,0,0,0,0,0,0,0,0
171623,câmara,FABIO REIS,MDB,SE,fabioreis1515,4280,1392,60,4,131,115,16,1,1,0,13,12,13
204368,câmara,FABIO SCHIOCHET,PSL,SC,deputadofabiosc,NA,NA,0,0,0,0,0,0,0,0,0,0,0
160587,câmara,FÁBIO TRAD,PSD,MS,f_trad,3649,510,95,115,80849,1737,79112,13,0,1,9245,287,9245
66828,câmara,FAUSTO PINATO,PP,SP,faustopinato,NA,NA,0,0,0,0,0,0,0,0,0,0,0
204477,câmara,FELÍCIO LATERÇA,PSL,RJ,NA,NA,NA,NA,NA,NA,NA,NA,NA,NA,NA,NA,NA,NA
72442,câmara,FELIPE CARRERAS,PSB,PE,felipecarreras,20534,847,30,6,564,525,39,11,10,0,73,73,17
204398,câmara,FELIPE FRANCISCHINI,PSL,PR,FFrancischini_,NA,NA,0,0,0,0,0,0,0,0,0,0,0
204371,câmara,FELIPE RIGONI,PSB,ES,rigoni_felipe,1274,51,103,7,1589,1457,132,7,6,0,222,222,83
160666,câmara,FÉLIX MENDONÇA JÚNIOR,PDT,BA,felixMendoncaJr,NA,NA,0,0,0,0,0,0,0,0,0,0,0
204407,câmara,FERNANDA MELCHIONNA,PSOL,RS,fernandapsol,21860,713,717,84,182458,100499,81959,55,44,0,11103,3678,11103
141431,câmara,FERNANDO COELHO FILHO,DEM,PE,FBCFilho,5108,454,6,7,60,26,34,3,0,1,19,8,19
204445,câmara,FERNANDO MINEIRO,PT,RN,mineiroptrn,20041,1018,42,140,130395,539,129856,34.5,0,26.5,17693,51,17693
92699,câmara,FERNANDO MONTEIRO,PP,PE,fmonteirope,NA,NA,0,0,0,0,0,0,0,0,0,0,0
204427,câmara,FERNANDO RODOLFO,PR,PE,fernandorodolfo,NA,NA,0,0,0,0,0,0,0,0,0,0,0
204411,câmara,FILIPE BARROS,PSL,PR,filipebarrost,1334,160,43,79,204067,753,203314,24.5,0,15,29607,129,29607
204354,câmara,FLÁVIA ARRUDA,PR,DF,flaviaarrudadf,NA,NA,0,0,0,0,0,0,0,0,0,0,0
160598,câmara,FLÁVIA MORAIS,PDT,GO,depflaviamorais,NA,NA,0,0,0,0,0,0,0,0,0,0,0
141434,câmara,FLAVIANO MELO,MDB,AC,flaviano_melo,NA,NA,0,0,0,0,0,0,0,0,0,0,0
191923,câmara,FLAVIO NOGUEIRA,PDT,PI,flavionoguera,NA,NA,0,0,0,0,0,0,0,0,0,0,0
204447,câmara,FLORDELIS,PSD,RJ,Flordelismk,137344,819,69,31,1648,1476,172,13,12,0,110,110,20
204392,câmara,FRANCISCO JR.,PSD,GO,franciscojr_go,4501,812,67,4,9013,539,8474,7,7,0,3767,37,3767
204510,câmara,FRANCO CARTAFINA,PHS,MG,FrancoCartafina,1320,272,10,1,86,78,8,9,9,0,19,19,8
204494,câmara,FRED COSTA,PATRI,MG,fredcosta5133,NA,NA,0,0,0,0,0,0,0,0,0,0,0
204393,câmara,FREI ANASTACIO RIBEIRO,PT,PB,freianastacioal,NA,NA,0,0,0,0,0,0,0,0,0,0,0
115746,câmara,GELSON AZEVEDO,PR,RJ,NA,NA,NA,NA,NA,NA,NA,NA,NA,NA,NA,NA,NA,NA
160669,câmara,GENECIAS NORONHA,SOLIDARIEDADE,CE,depgenecias,NA,NA,0,0,0,0,0,0,0,0,0,0,0
204473,câmara,GENERAL GIRÃO,PSL,RN,GeneralGirao,56346,187,138,55,303815,169549,134266,686,131,0,15506,14184,15506
204484,câmara,GENERAL PETERNELLI,PSL,SP,GenPeternelli,8027,1640,120,412,1066972,7003,1059969,571,0,545,56555,1959,56555
204527,câmara,GENINHO ZULIANI,DEM,SP,geninhozuliani,1731,963,76,28,8397,228,8169,3,1,0,3213,9,3213
178966,câmara,GEOVANIA DE SÁ,PSDB,SC,geovaniadesa,3579,1417,18,15,568,469,99,10,1,0,165,165,22
74374,câmara,GERALDO RESENDE,PSDB,MS,dep_geraldo,5514,3476,7,0,26,26,0,3,3,0,11,11,0
204394,câmara,GERVÁSIO MAIA,PSB,PB,gervasiomaia,10731,8421,52,49,626,481,145,4,2,0,56,56,41
74383,câmara,GIACOBO,PR,PR,fernandogiacobo,1349,237,8,0,6,6,0,0.5,0.5,0,2,2,0
204575,câmara,GIL CUTRIM,PDT,MA,gilcutrim,915,521,106,19,2091,539,1552,4,3,0,884,26,884
204491,câmara,GILBERTO ABRAMO,PRB,MG,gilbertoabramo,1135,295,15,2,144,11,133,0,0,0,114,3,114
74270,câmara,GILBERTO NASCIMENTO,PSC,SP,gilbertopsc20,NA,NA,0,0,0,0,0,0,0,0,0,0,0
204365,câmara,GILSON MARQUES,NOVO,SC,gilsonmarques30,2334,98,54,7,5438,3184,2254,17,5,0,1548,498,1548
160673,câmara,GIOVANI CHERINI,PR,RS,giovanicherini,5548,1728,169,1,305,304,1,1,1,0,21,21,1
178996,câmara,GIOVANI FELTES,MDB,RS,GiovaniFeltes,2355,246,16,4,56,45,11,2.5,2,0,7,6,7
152605,câmara,GLAUBER BRAGA,PSOL,RJ,Glauber_Braga,34901,1100,130,23,173349,104071,69278,145,11,0,48066,17816,48066
204419,câmara,GLAUSTIN FOKUS,PSC,GO,glaustinfokus,413,1745,38,2,144,140,4,2,2,0,40,40,3
107283,câmara,GLEISI HOFFMANN,PT,PR,gleisi,540030,756,206,32,799437,737928,61509,2421.5,2088,0,17693,15045,17693
74419,câmara,GONZAGA PATRIOTA,PSB,PE,NA,NA,NA,NA,NA,NA,NA,NA,NA,NA,NA,NA,NA,NA
198197,câmara,GREYCE ELIAS,AVANTE,MG,NA,NA,NA,NA,NA,NA,NA,NA,NA,NA,NA,NA,NA,NA
204513,câmara,GUIGA PEIXOTO,PSL,SP,zeguilherme_10,NA,NA,0,0,0,0,0,0,0,0,0,0,0
204531,câmara,GUILHERME DERRITE,PP,SP,capitaoderrite,2010,75,85,5,9326,9202,124,46,45,0,2423,2423,49
160667,câmara,GUILHERME MUSSI,PP,SP,guilhermemussi,NA,NA,0,0,0,0,0,0,0,0,0,0,0
204442,câmara,GURGEL,PSL,RJ,gurgelsoares,NA,NA,0,0,0,0,0,0,0,0,0,0,0
73460,câmara,GUSTAVO FRUET,PDT,PR,gustavofruet,86805,339,205,69,8504,5554,2950,17,13,0,1430,1430,655
204408,câmara,GUSTINHO RIBEIRO,SOLIDARIEDADE,SE,GustinhoRibeiro,3417,983,32,12,222,95,127,3,1,0,52,12,52
204456,câmara,GUTEMBERG REIS,MDB,RJ,guth_reis,172,302,113,0,386,386,0,3,3,0,12,12,0
204465,câmara,HAROLDO CATHEDRAL,PSD,RR,NA,NA,NA,NA,NA,NA,NA,NA,NA,NA,NA,NA,NA,NA
204548,câmara,HEITOR FREIRE,PSL,CE,HeitorFreireCE,5416,76,59,22,107447,28430,79017,87,39,0,12691,10457,12691
178964,câmara,HEITOR SCHUCH,PSB,RS,HeitorSchuch,3160,300,31,0,113,113,0,3,3,0,12,12,0
178873,câmara,HELDER SALOMÃO,PT,ES,heldersalomao,30910,1731,396,74,347810,217846,129964,116.5,48.5,0,20225,6691,20225
204373,câmara,HÉLIO COSTA,PRB,SC,HelioCosta,NA,NA,0,0,0,0,0,0,0,0,0,0,0
178909,câmara,HÉLIO LEITE,DEM,PA,NA,NA,NA,NA,NA,NA,NA,NA,NA,NA,NA,NA,NA,NA
204444,câmara,HELIO LOPES,PSL,RJ,depheliolopes,28859,169,160,11,156731,128111,28620,355,320,0,10525,6626,10525
73482,câmara,HENRIQUE FONTANA,PT,RS,henriquefontana,NA,NA,0,0,0,0,0,0,0,0,0,0,0
204539,câmara,HERCÍLIO COELHO DINIZ,MDB,MG,NA,NA,NA,NA,NA,NA,NA,NA,NA,NA,NA,NA,NA,NA
178981,câmara,HERCULANO PASSOS,MDB,SP,herculanopassos,2156,79,36,2,80,76,4,2,1.5,0,9,9,3
73772,câmara,HERMES PARCIANELLO,MDB,PR,parcianello,NA,NA,0,0,0,0,0,0,0,0,0,0,0
178884,câmara,HILDO ROCHA,MDB,MA,hildorocha1513,953,865,60,5,56,51,5,1,1,0,3,3,1
178959,câmara,HIRAN GONÇALVES,PP,RR,deputadohiran,12019,210,32,0,62,62,0,1,1,0,8,8,0
141450,câmara,HUGO LEAL,PSD,RJ,dephugoleal,NA,NA,0,0,0,0,0,0,0,0,0,0,0
160674,câmara,HUGO MOTTA,PRB,PB,hugomottapb,NA,NA,0,0,0,0,0,0,0,0,0,0,0
204533,câmara,IDILVAN ALENCAR,PDT,CE,idilvan,NA,NA,0,0,0,0,0,0,0,0,0,0,0
204564,câmara,IGOR KANNÁRIO,PHS,BA,NA,NA,NA,NA,NA,NA,NA,NA,NA,NA,NA,NA,NA,NA
204508,câmara,IGOR TIMO,PODE,MG,oficialigortimo,87,4,98,0,102,102,0,1,1,0,4,4,0
67138,câmara,IRACEMA PORTELLA,PP,PI,iracemaportela,NA,NA,0,0,0,0,0,0,0,0,0,0,0
204436,câmara,ISNALDO BULHÕES JR.,MDB,AL,bulhoesjr,791,128,5,0,16,16,0,3,3,0,7,7,0
73531,câmara,IVAN VALENTE,PSOL,SP,ivanvalente,NA,NA,0,0,0,0,0,0,0,0,0,0,0
74848,câmara,JANDIRA FEGHALI,PCdoB,RJ,jandira_feghali,185286,618,453,203,1302128,947309,354819,672,195.5,0,54520,54520,18716
108338,câmara,JAQUELINE CASSOL,PP,RO,jqcassol,147,164,26,3,46,36,10,1,1,0,7,4,7
160672,câmara,JEAN WYLLYS,PSOL,RJ,jeanwyllys_real,767459,727,88,187,558753,305063,253690,397,0,74,60352,60352,27081
74273,câmara,JEFFERSON CAMPOS,PSB,SP,DepJefferson,5871,433,35,0,71,71,0,2,2,0,9,9,0
160570,câmara,JERÔNIMO GOERGEN,PP,RS,jeronimogoergen,9497,3870,285,63,26280,10865,15415,9,4,0,3635,1023,3635
178839,câmara,JÉSSICA SALES,MDB,AC,NA,NA,NA,NA,NA,NA,NA,NA,NA,NA,NA,NA,NA,NA
204435,câmara,JESUS SÉRGIO,PDT,AC,jesussergioac,25,10,7,8,2196,40,2156,2,0,1,932,20,932
178842,câmara,JHC,PSB,AL,JHC_40,4949,1079,102,26,1422,1060,362,6.5,2,0,95,95,35
160531,câmara,JHONATAN DE JESUS,PRB,RR,jhonatan_djesus,1594,938,14,4,99,67,32,5,3.5,0,19,10,19
74366,câmara,JOÃO CAMPOS,PRB,GO,depjoaocampos,NA,NA,0,0,0,0,0,0,0,0,0,0,0
141458,câmara,JOÃO CARLOS BACELAR,PR,BA,deputadobacelar,NA,NA,0,0,0,0,0,0,0,0,0,0,0
178970,câmara,JOÃO DANIEL,PT,SE,joaodanielPT,NA,NA,0,0,0,0,0,0,0,0,0,0,0
204429,câmara,JOÃO H. CAMPOS,PSB,PE,NA,NA,NA,NA,NA,NA,NA,NA,NA,NA,NA,NA,NA,NA
141459,câmara,JOÃO MAIA,PR,RN,depjoaomaia,NA,NA,0,0,0,0,0,0,0,0,0,0,0
112437,câmara,JOÃO MARCELO SOUZA,MDB,MA,NA,NA,NA,NA,NA,NA,NA,NA,NA,NA,NA,NA,NA,NA
204576,câmara,JOÃO ROMA,PRB,BA,joaoromaneto,837,861,92,5,996,750,246,8,8,0,168,55,168
178910,câmara,JOAQUIM PASSARINHO,PSD,PA,joaquimpassarin,NA,NA,0,0,0,0,0,0,0,0,0,0,0
204468,câmara,JOENIA WAPICHANA,REDE,RR,joeniac,NA,NA,0,0,0,0,0,0,0,0,0,0,0
204546,câmara,JOICE HASSELMANN,PSL,SP,joicehasselmann,310191,122,457,158,2574991,2194507,380484,2560,1823,0,33240,33240,22942
205550,câmara,JORGE BRAZ,PRB,RJ,Jorge_Braz,1245,103,156,2,321,135,186,1,1,0,112,6,112
178857,câmara,JORGE SOLLA,PT,BA,depjorgesolla,19201,970,135,85,277837,69575,208262,403.5,27.5,0,17632,5605,17632
141464,câmara,JOSÉ AIRTON FÉLIX CIRILO,PT,CE,JoseAirtonPT,5407,413,25,7,839,66,773,2.5,1,0,746,10,746
141470,câmara,JOSÉ GUIMARÃES,PT,CE,guimaraes13PT,18272,570,708,291,149114,70912,78202,21,9,0,11708,5182,11708
204386,câmara,JOSE MARIO SCHREINER,DEM,GO,SchreinerJose,NA,NA,0,0,0,0,0,0,0,0,0,0,0
204472,câmara,JOSÉ MEDEIROS,PODE,MT,JoseMedeirosMT,60048,1612,556,443,516536,182668,333868,75,2,0,95236,8612,95236
204391,câmara,JOSÉ NELTO,PODE,GO,depjosenelto,2184,780,66,59,27214,538,26676,7,0,0,4994,43,4994
160619,câmara,JOSÉ NUNES,PSD,BA,JoseNunesDep,NA,NA,0,0,0,0,0,0,0,0,0,0,0
74079,câmara,JOSÉ PRIANTE,MDB,PA,priante,NA,NA,0,0,0,0,0,0,0,0,0,0,0
204555,câmara,JOSÉ RICARDO,PT,AM,ZeRicardoAM,4072,1632,216,0,3042,3042,0,7,7,0,385,385,0
74554,câmara,JOSÉ ROCHA,PR,BA,joserocha_,NA,NA,0,0,0,0,0,0,0,0,0,0,0
74141,câmara,JOSIAS GOMES,PT,BA,josiasgomesba,5616,2560,173,191,252305,174,252131,7,0,4,25074,12,25074
204563,câmara,JOSIMAR MARANHÃOZINHO,PR,MA,josimarPR22,293,100,38,0,221,221,0,5,5,0,70,70,0
204474,câmara,JUAREZ COSTA,MDB,MT,NA,NA,NA,NA,NA,NA,NA,NA,NA,NA,NA,NA,NA,NA
204420,câmara,JULIAN LEMOS,PSL,PB,JulianLemosopb1,NA,NA,0,0,0,0,0,0,0,0,0,0,0
74317,câmara,JÚLIO CESAR,PSD,PI,DepJulioCesarPI,3200,4849,64,2,170,168,2,2,2,0,11,11,1
204372,câmara,JULIO CESAR RIBEIRO,PRB,DF,JulioCesarRib,698,474,53,2,185,181,4,2,2,0,18,18,2
73586,câmara,JÚLIO DELGADO,PSB,MG,depjuliodelgado,4319,1098,0,1,1,0,1,1,0,1,1,0,1
204457,câmara,JUNINHO DO PNEU,DEM,RJ,JuninhodoPneu,NA,NA,0,0,0,0,0,0,0,0,0,0,0
204502,câmara,JÚNIOR BOZZELLA,PSL,SP,juniorbozzella,1319,1320,58,15,25671,457,25214,6,4,0,8448,64,8448
204497,câmara,JÚNIOR FERRARI,PSD,PA,NA,NA,NA,NA,NA,NA,NA,NA,NA,NA,NA,NA,NA,NA
204574,câmara,JUNIOR LOURENÇO,PR,MA,junior_lourenco,NA,NA,0,0,0,0,0,0,0,0,0,0,0
204550,câmara,JÚNIOR MANO,PR,CE,jrmano_,NA,NA,0,0,0,0,0,0,0,0,0,0,0
178886,câmara,JUSCELINO FILHO,DEM,MA,DepJuscelino,3189,185,95,2,179,177,2,1,1,0,49,49,1
204536,câmara,KIM KATAGUIRI,DEM,SP,kimpkat,409893,455,189,103,1152286,934180,218106,1699,589,0,32669,30252,32669
151208,câmara,LAERCIO OLIVEIRA,PP,SE,laerciofederal,NA,NA,0,0,0,0,0,0,0,0,0,0,0
98057,câmara,LAFAYETTE DE ANDRADA,PRB,MG,dep_lafayette,1455,393,39,10,12318,100,12218,3,2,0,7433,8,7433
160534,câmara,LAURIETE,PR,ES,2010lauriete,NA,NA,0,0,0,0,0,0,0,0,0,0,0
178832,câmara,LEANDRE,PV,PR,Leandre4300,NA,NA,0,0,0,0,0,0,0,0,0,0,0
204375,câmara,LEDA SADALA,AVANTE,AP,LedaSadala,NA,NA,0,0,0,0,0,0,0,0,0,0,0
204359,câmara,LÉO MORAES,PODE,RO,dep_leomoraes,NA,NA,0,0,0,0,0,0,0,0,0,0,0
204547,câmara,LÉO MOTTA,PSL,MG,NA,NA,NA,NA,NA,NA,NA,NA,NA,NA,NA,NA,NA,NA
74156,câmara,LEONARDO MONTEIRO,PT,MG,depleomonteiro,3537,645,154,36,24932,3166,21766,9,6.5,0,7897,342,7897
74299,câmara,LEÔNIDAS CRISTINO,PDT,CE,leonidas9099,NA,NA,0,0,0,0,0,0,0,0,0,0,0
92102,câmara,LEUR LOMANTO JÚNIOR,DEM,BA,LeurLomantoJr,2133,591,8,1,15,13,2,2,1,0,5,5,2
139285,câmara,LÍDICE DA MATA,PSB,BA,lidicedamata,43683,9031,239,65,15155,7827,7328,13,10,0,4483,565,4483
74585,câmara,LINCOLN PORTELA,PR,MG,lincoln_portela,17104,195,5,19,4430,319,4111,4,0,4,2235,312,2235
204405,câmara,LIZIANE BAYER,PSB,RS,LizianeBayer,1991,1681,205,48,6055,1268,4787,5,4,0,3550,54,3550
204382,câmara,LOESTER TRUTIS,PSL,MS,LTrutis,234,23,7,4,5283,286,4997,14,4,0,4399,207,4399
196358,câmara,LOURIVAL GOMES,PSL,RJ,lourivalgomesrj,NA,NA,0,0,0,0,0,0,0,0,0,0,0
204523,câmara,LUCAS GONZALEZ,NOVO,MG,lucasvgonzalez,3122,421,131,45,27774,5259,22515,20.5,8,0,6954,1040,6954
204404,câmara,LUCAS REDECKER,PSDB,RS,LucasRedecker,3503,835,124,18,1161,1034,127,6,6,0,57,45,57
178879,câmara,LUCAS VERGILIO,SOLIDARIEDADE,GO,VergilioLucas77,NA,NA,0,0,0,0,0,0,0,0,0,0,0
74478,câmara,LUCIANO BIVAR,PSL,PE,Bivar1717,NA,NA,0,0,0,0,0,0,0,0,0,0,0
178931,câmara,LUCIANO DUCCI,PSB,PR,LucianoDucci,9901,564,31,9,342,69,273,2,1,0,202,8,202
178954,câmara,LUCIO MOSQUINI,MDB,RO,luciomosquini,NA,NA,0,0,0,0,0,0,0,0,0,0,0
204381,câmara,LUIS MIRANDA,DEM,DF,LuisMirandaUSA1,NA,NA,0,0,0,0,0,0,0,0,0,0,0
160510,câmara,LUIS TIBÉ,AVANTE,MG,LuisTibeOficial,NA,NA,0,0,0,0,0,0,0,0,0,0,0
204410,câmara,LUISA CANZIANI,PTB,PR,luisa_canziani,619,52,93,26,1411,822,589,7,5,0,367,39,367
204448,câmara,LUIZ ANTÔNIO CORRÊA,DC,RJ,depluizantonio,NA,NA,0,0,0,0,0,0,0,0,0,0,0
160645,câmara,LUIZ CARLOS,PSDB,AP,depluizcarlos,NA,NA,0,0,0,0,0,0,0,0,0,0,0
204485,câmara,LUIZ CARLOS MOTTA,PR,SP,lcm_motta,NA,NA,0,0,0,0,0,0,0,0,0,0,0
204543,câmara,LUIZ FLÁVIO GOMES,PSB,SP,professorLFG,167960,394,73,6,50350,49991,359,206,206,0,20983,20983,206
204455,câmara,LUIZ LIMA,PSL,RJ,Oficialluizlima,1902,749,112,69,100441,5907,94534,20,9,0,23388,2257,23388
162332,câmara,LUIZ NISHIMORI,PR,PR,luiznishimori,NA,NA,0,0,0,0,0,0,0,0,0,0,0
204526,câmara,LUIZ PHILIPPE DE ORLEANS E BRAGANÇA,PSL,SP,lpbragancabr,204356,353,88,11,1059486,996508,62978,9921,8666,0,36019,36019,13893
74784,câmara,LUIZA ERUNDINA,PSOL,SP,luizaerundina,118836,510,319,186,181314,77195,104119,64,4,0,19890,19890,9209
178866,câmara,LUIZIANNE LINS,PT,CE,Luizianne13PT,8526,587,125,1,3019,3010,9,9,9,0,401,401,9
166402,câmara,MAGDA MOFATTO,PR,GO,Magdamofatto,NA,NA,0,0,0,0,0,0,0,0,0,0,0
204458,câmara,MAJOR FABIANA,PSL,RJ,majorfabiana46,NA,NA,0,0,0,0,0,0,0,0,0,0,0
179587,câmara,MAJOR VITOR HUGO,PSL,GO,MajorVitorHugo,25908,163,298,49,200041,128591,71450,192,135,0,13035,13035,9335
204469,câmara,MANUEL MARCOS,PRB,AC,ascomdrmanuel,NA,NA,0,0,0,0,0,0,0,0,0,0,0
204471,câmara,MARA ROCHA,PSDB,AC,NA,NA,NA,NA,NA,NA,NA,NA,NA,NA,NA,NA,NA,NA
156190,câmara,MARCEL VAN HATTEM,NOVO,RS,marcelvanhattem,87669,1786,163,30,265478,247962,17516,669,567,0,12270,12270,3925
179000,câmara,MARCELO ÁLVARO ANTÔNIO,PSL,MG,Marceloalvaroan,12694,2552,49,44,173273,16896,156377,132,55,0,23388,5857,23388
146788,câmara,MARCELO ARO,PHS,MG,marceloaro,3767,110,132,16,1028,806,222,3,1,0,191,191,97
205863,câmara,MARCELO BRUM,PSL,RS,NA,NA,NA,NA,NA,NA,NA,NA,NA,NA,NA,NA,NA,NA
204433,câmara,MARCELO CALERO,PPS,RJ,caleromarcelo,15914,245,113,447,247247,59871,187376,99,0,51,11709,7778,11709
76874,câmara,MARCELO FREIXO,PSOL,RJ,MarceloFreixo,1037415,695,897,101,1660830,1597682,63148,80.5,47.5,0,88305,88305,12318
133810,câmara,MARCELO MORAES,PTB,RS,NA,NA,NA,NA,NA,NA,NA,NA,NA,NA,NA,NA,NA,NA
204558,câmara,MARCELO NILO,PSB,BA,depmarcelonilo,13861,3853,8,0,53,53,0,6,6,0,14,14,0
204556,câmara,MARCELO RAMOS,PR,AM,marceloramosam,17368,9253,555,52,22030,4947,17083,4,3,0,5154,223,5154
178983,câmara,MARCIO ALVINO,PR,SP,AlvinoMarcio,NA,NA,0,0,0,0,0,0,0,0,0,0,0
179001,câmara,MÁRCIO BIOLCHI,MDB,RS,marciobiolchi,3224,186,1,0,7,7,0,7,7,0,7,7,0
81055,câmara,MÁRCIO JERRY,PCdoB,MA,marciojerry,15673,400,527,473,230529,22070,208459,26,2,0,14482,2988,14482
204452,câmara,MÁRCIO LABRE,PSL,RJ,marciolabre,5259,4726,375,1,35756,35635,121,2,2,0,12052,12052,121
150418,câmara,MÁRCIO MARINHO,PRB,BA,dpmarciomarinho,3691,246,40,0,75,75,0,1,1,0,9,9,0
204522,câmara,MARCO BERTAIOLLI,PSD,SP,MarcoBertaiolli,2971,62,43,7,354,335,19,6,6,0,33,33,9
160535,câmara,MARCON,PT,RS,depmarcon,5085,2823,273,6,5061,4994,67,5,5,0,894,894,25
204431,câmara,MARCOS AURÉLIO SAMPAIO,MDB,PI,MarcosA_Sampaio,NA,NA,0,0,0,0,0,0,0,0,0,0,0
204506,câmara,MARCOS PEREIRA,PRB,SP,marcospereira04,26505,165,137,1,4157,4107,50,24,24,0,306,306,50
204430,câmara,MARGARETE COELHO,PP,PI,MargaretCoelho,2128,230,68,7,337,310,27,4,3,0,17,17,11
171619,câmara,MARGARIDA SALOMÃO,PT,MG,JFMargarida,23912,996,948,52,192180,173595,18585,36,32,0,11901,11901,5571
74398,câmara,MARIA DO ROSÁRIO,PT,RS,mariadorosario,244843,1245,258,318,819404,343545,475859,660,0,54,95234,14675,95234
204540,câmara,MARIA ROSAS,PRB,SP,depmariarosas,569,44,25,1,380,161,219,6.5,6,0,219,13,219
178956,câmara,MARIANA CARVALHO,PSDB,RO,MarianaPSDB,NA,NA,0,0,0,0,0,0,0,0,0,0,0
204428,câmara,MARÍLIA ARRAES,PT,PE,MariliaArraes,22268,1662,86,16,88184,27630,60554,116.5,81.5,0,21510,2528,21510
204432,câmara,MARINA SANTOS,SOLIDARIEDADE,PI,NA,NA,NA,NA,NA,NA,NA,NA,NA,NA,NA,NA,NA,NA
74158,câmara,MÁRIO HERINGER,PDT,MG,mario_heringer,3778,2334,163,7,1815,1703,112,3,3,0,303,303,29
178858,câmara,MÁRIO NEGROMONTE JR.,PP,BA,depnegromontejr,NA,NA,0,0,0,0,0,0,0,0,0,0,0
204403,câmara,MARLON SANTOS,PDT,RS,deputado_marlon,NA,NA,0,0,0,0,0,0,0,0,0,0,0
204566,câmara,MARRECA FILHO,PATRI,MA,depmarrecafilho,141,23,31,0,21,21,0,0,0,0,3,3,0
178843,câmara,MARX BELTRÃO,PSD,AL,NA,NA,NA,NA,NA,NA,NA,NA,NA,NA,NA,NA,NA,NA
75431,câmara,MAURÍCIO DZIEDRICKI,PTB,RS,mauricioptbrs,2479,140,3,8,2178,16,2162,2,0,2,2143,7,2143
204486,câmara,MAURO BENEVIDES FILHO,PDT,CE,deputadomaurobf,NA,NA,0,0,0,0,0,0,0,0,0,0,0
74749,câmara,MAURO LOPES,MDB,MG,depmaurolopes,NA,NA,0,0,0,0,0,0,0,0,0,0,0
141508,câmara,MAURO NAZIF,PSB,RO,drmauronazif,NA,NA,0,0,0,0,0,0,0,0,0,0,0
178985,câmara,MIGUEL LOMBARDI,PR,SP,DMiguellombardi,268,196,9,0,21,21,0,3,3,0,3,3,0
154178,câmara,MILTON VIEIRA,PRB,SP,DepMiltonVieira,637,268,22,0,24,24,0,1,1,0,6,6,0
178895,câmara,MISAEL VARELLA,PSD,MG,NA,NA,NA,NA,NA,NA,NA,NA,NA,NA,NA,NA,NA,NA
178997,câmara,MOSES RODRIGUES,MDB,CE,depfederalmoses,NA,NA,0,0,0,0,0,0,0,0,0,0,0
204453,câmara,NATÁLIA BONAVIDES,PT,RN,natbonavides,4731,1000,351,120,58597,25138,33459,23,17,0,5577,1818,5577
204449,câmara,NELSON BARBUDO,PSL,MT,NA,NA,NA,NA,NA,NA,NA,NA,NA,NA,NA,NA,NA,NA
74571,câmara,NELSON PELLEGRINO,PT,BA,nelsonpelegrino,12117,1740,27,10,1056,476,580,9,3,0,331,136,331
204415,câmara,NEREU CRISPIM,PSL,RS,nereucrispim,385,718,119,68,327142,389,326753,3,1,0,14726,43,14726
146307,câmara,NERI GELLER,PP,MT,NeriGeller,NA,NA,0,0,0,0,0,0,0,0,0,0,0
178896,câmara,NEWTON CARDOSO JR,MDB,MG,newton1510,2483,161,50,10,464,123,341,2,2,0,322,6,322
204384,câmara,NEY LEPREVOST,PSD,PR,neyleprevost,22435,4237,449,126,2191,1964,227,3,2,0,23,22,23
204479,câmara,NICOLETTI,PSL,RR,NA,NA,NA,NA,NA,NA,NA,NA,NA,NA,NA,NA,NA,NA
74352,câmara,NILSON PINTO,PSDB,PA,DepNilsonPinto,NA,NA,0,0,0,0,0,0,0,0,0,0,0
178986,câmara,NILTO TATTO,PT,SP,NiltoTatto,4125,2082,474,117,97099,6075,91024,6,3,0,16428,657,16428
194260,câmara,NIVALDO ALBUQUERQUE,PTB,AL,NivaldoAlbuque,NA,NA,0,0,0,0,0,0,0,0,0,0,0
66179,câmara,NORMA AYUB,DEM,ES,NA,NA,NA,NA,NA,NA,NA,NA,NA,NA,NA,NA,NA,NA
74159,câmara,ODAIR CUNHA,PT,MG,odaircunha_,225,150,9,6,59396,46,59350,6,4,0,53956,8,53956
204498,câmara,OLIVAL MARQUES,DEM,PA,OLIVALMARQUES,207,443,40,0,69,69,0,1.5,1.5,0,7,7,0
74399,câmara,ONYX LORENZONI,DEM,RS,onyxlorenzoni,267349,3629,63,67,780780,477622,303158,4468.5,0,23,42526,42526,23388
178987,câmara,ORLANDO SILVA,PCdoB,SP,orlandosilva,44156,453,190,57,64518,40901,23617,54,37,0,11622,6245,11622
204363,câmara,OSIRES DAMASO,PSC,TO,Damaso2020,NA,NA,0,0,0,0,0,0,0,0,0,0,0
73692,câmara,OSMAR TERRA,MDB,RS,osmarterra,NA,NA,0,0,0,0,0,0,0,0,0,0,0
204422,câmara,OSSESIO SILVA,PRB,PE,Ossesio_Silva,1516,2350,119,5,430,267,163,2,2,0,98,12,98
204475,câmara,OTACI NASCIMENTO,SOLIDARIEDADE,RR,NA,NA,NA,NA,NA,NA,NA,NA,NA,NA,NA,NA,NA,NA
204441,câmara,OTONI DE PAULA,PSC,RJ,OtoniDepFederal,6043,92,63,1,530,524,6,7.5,7.5,0,22,22,6
204573,câmara,OTTO ALENCAR FILHO,PSD,BA,ottoalencarfilh,NA,NA,0,0,0,0,0,0,0,0,0,0,0
160556,câmara,PADRE JOÃO,PT,MG,dep_padrejoao,5955,827,199,14,7650,5080,2570,6,5,0,1482,731,1482
160642,câmara,PASTOR EURICO,PATRI,PE,pastoreurico,NA,NA,0,0,0,0,0,0,0,0,0,0,0
204570,câmara,PASTOR GILDENEMYR,PMN,MA,DGildenemyr,114,19,16,0,48,48,0,3,3,0,8,8,0
204553,câmara,PASTOR SARGENTO ISIDÓRIO,AVANTE,BA,sgtisidorio,NA,NA,0,0,0,0,0,0,0,0,0,0,0
205535,câmara,PATRICIA FERRAZ,PR,AP,patricialferraz,NA,NA,0,0,0,0,0,0,0,0,0,0,0
74160,câmara,PATRUS ANANIAS,PT,MG,Patrus_Ananias,11362,280,216,217,251487,3843,247644,20,0,1,17631,1049,17631
204377,câmara,PAULA BELMONTE,PPS,DF,paulambelmonte,470,29,39,0,258,258,0,4,4,0,31,31,0
171617,câmara,PAULÃO,PT,AL,paulaodopt,3252,2702,74,737,146100,771,145329,8,0,7,20589,288,20589
141516,câmara,PAULO ABI-ACKEL,PSDB,MG,pauloabiackel,2995,183,15,2,96,89,7,3,3,0,18,18,5
178860,câmara,PAULO AZI,DEM,BA,pauloazi,NA,NA,0,0,0,0,0,0,0,0,0,0,0
204538,câmara,PAULO BENGTSON,PTB,PA,PauloBengtson,113,39,23,2,72,48,24,2,2,0,21,5,21
193726,câmara,PAULO EDUARDO MARTINS,PSC,PR,PauloMartins10,140506,603,355,319,1619667,1082269,537398,1077,6.5,0,25689,25689,21035
160517,câmara,PAULO FOLETTO,PSB,ES,DeputadoFoletto,NA,NA,0,0,0,0,0,0,0,0,0,0,0
160558,câmara,PAULO FREIRE COSTA,PR,SP,DF_PauloFreire,4781,72,36,0,158,158,0,3.5,3.5,0,30,30,0
204461,câmara,PAULO GANIME,NOVO,RJ,pauloganime,15325,913,344,102,104231,77367,26864,93,13,0,3571,3571,2380
204492,câmara,PAULO GUEDES,PT,MG,deppauloguedes,2897,731,23,11,16888,359,16529,9,5.5,0,9446,58,9446
141518,câmara,PAULO PEREIRA DA SILVA,SOLIDARIEDADE,SP,dep_paulinho,21555,163,12,0,43,43,0,2.5,2.5,0,12,12,0
74400,câmara,PAULO PIMENTA,PT,RS,deputadofederal,NA,NA,0,0,0,0,0,0,0,0,0,0,0
133968,câmara,PAULO RAMOS,PDT,RJ,pauloramosdep,NA,NA,0,0,0,0,0,0,0,0,0,0,0
141488,câmara,PAULO TEIXEIRA,PT,SP,pauloteixeira13,87564,23016,216,5,262908,259837,3071,723,687,0,11976,11976,1132
90201,câmara,PEDRO AUGUSTO BEZERRA,PTB,CE,NA,NA,NA,NA,NA,NA,NA,NA,NA,NA,NA,NA,NA,NA
178912,câmara,PEDRO CUNHA LIMA,PSDB,PB,pedroocl,5105,663,12,3,2515,874,1641,51,47,0,1548,354,1548
122974,câmara,PEDRO LUCAS FERNANDES,PTB,MA,NA,NA,NA,NA,NA,NA,NA,NA,NA,NA,NA,NA,NA,NA
204395,câmara,PEDRO LUPION,DEM,PR,Dep_PedroLupion,3155,319,78,26,48540,2724,45816,4,2,0,4634,2379,4634
122158,câmara,PEDRO PAULO,DEM,RJ,pedropaulo,9286,95,44,2,1150,916,234,8,6,0,218,139,218
160604,câmara,PEDRO UCZAI,PT,SC,uczai,6386,1296,203,45,22245,14322,7923,20,16,0,2664,2664,1485
204406,câmara,PEDRO WESTPHALEN,PP,RS,pedrowestphalen,2892,1023,55,1,133,131,2,2,2,0,9,9,2
73943,câmara,PERPÉTUA ALMEIDA,PCdoB,AC,perpetua_acre,10247,794,85,198,130640,1364,129276,10,0,5,13396,296,13396
204524,câmara,PINHEIRINHO,PP,MG,NA,NA,NA,NA,NA,NA,NA,NA,NA,NA,NA,NA,NA,NA
204529,câmara,POLICIAL KATIA SASTRE,PR,SP,katiasastre,NA,NA,0,0,0,0,0,0,0,0,0,0,0
73486,câmara,POMPEO DE MATTOS,PDT,RS,PompeodeMattos,11989,623,267,204,13183,5607,7576,9,2,0,1993,289,1993
160601,câmara,PR. MARCO FELICIANO,PODE,SP,marcofeliciano,547641,79,465,51,405738,339564,66174,242,193,0,19290,19290,10642
204390,câmara,PROFESSOR ALCIDES,PP,GO,NA,NA,NA,NA,NA,NA,NA,NA,NA,NA,NA,NA,NA,NA
204383,câmara,PROFESSOR ISRAEL BATISTA,PV,DF,ProfIsrael,4775,294,18,2,176,167,9,6.5,5,0,27,27,8
204446,câmara,PROFESSOR JOZIEL,PSL,RJ,professorjoziel,61,4,4,0,21,21,0,5,5,0,8,8,0
204418,câmara,PROFESSOR LUIZÃO GOULART,PRB,PR,luizaogoulart,1201,67,68,4,3641,150,3491,2,1.5,0,3433,7,3433
204565,câmara,PROFESSORA DAYANE PIMENTEL,PSL,BA,deppimentel,4896,123,243,65,92687,38633,54054,47,26.5,0,9004,8555,9004
160639,câmara,PROFESSORA DORINHA SEABRA REZENDE,DEM,TO,profdorinha,3585,360,8,0,28,28,0,3,3,0,6,6,0
160641,câmara,PROFESSORA MARCIVANIA,PCdoB,AP,marcivania65,4188,234,33,10,46860,72,46788,2,0,0,16272,22,16272
204467,câmara,PROFESSORA ROSA NEIDE,PT,MT,profdorinha,3585,360,8,0,28,28,0,3,3,0,6,6,0
178951,câmara,RAFAEL MOTTA,PSB,RN,RafaelMottaRN,5178,1025,25,3,166,162,4,5,5,0,19,19,2
204567,câmara,RAIMUNDO COSTA,PRP,BA,NA,NA,NA,NA,NA,NA,NA,NA,NA,NA,NA,NA,NA,NA
141523,câmara,RAUL HENRY,MDB,PE,RaulHenry,NA,NA,0,0,0,0,0,0,0,0,0,0,0
74161,câmara,REGINALDO LOPES,PT,MG,ReginaldoLopes,20596,9439,486,40,72831,36668,36163,22,20,0,17693,8472,17693
205865,câmara,REINHOLD STEPHANES JUNIOR,PSD,PR,NA,NA,NA,NA,NA,NA,NA,NA,NA,NA,NA,NA,NA,NA
178925,câmara,REJANE DIAS,PT,PI,rejane_dias,5681,173,79,0,230,230,0,2,2,0,10,10,0
178989,câmara,RENATA ABREU,PODE,SP,RenataAbreuDep,2030,1117,145,1,886,878,8,5,4.5,0,40,40,8
73801,câmara,RENILDO CALHEIROS,PCdoB,PE,renildo,2726,373,39,26,26455,117,26338,4,0,0,12822,10,12822
73788,câmara,RICARDO BARROS,PP,PR,RicardoBarrosPP,5936,112,17,0,210,210,0,6,6,0,100,100,0
204362,câmara,RICARDO GUIDI,PSD,SC,ricardozguidi,NA,NA,0,0,0,0,0,0,0,0,0,0,0
160655,câmara,RICARDO IZAR,PP,SP,RicardoIzar,2559,871,14,14,176,57,119,4,0.5,1,27,11,27
178920,câmara,RICARDO TEOBALDO,PODE,PE,psdbricardo45,NA,NA,0,0,0,0,0,0,0,0,0,0,0
204489,câmara,ROBÉRIO MONTEIRO,PDT,CE,NA,NA,NA,NA,NA,NA,NA,NA,NA,NA,NA,NA,NA,NA
152610,câmara,ROBERTO ALVES,PRB,SP,RobertoAlvesPRB,NA,NA,0,0,0,0,0,0,0,0,0,0,0
160653,câmara,ROBERTO DE LUCENA,PODE,SP,robertodelucena,2572,602,32,0,336,336,0,9,9,0,49,49,0
74305,câmara,ROBERTO PESSOA,PSDB,CE,RobertoPessoaCE,NA,NA,0,0,0,0,0,0,0,0,0,0,0
204530,câmara,RODRIGO AGOSTINHO,PSB,SP,rodrigoagost,4981,1172,51,28,687,585,102,3,1,0,74,74,15
204366,câmara,RODRIGO COELHO,PSB,SC,coelho_rodrigo,6261,4701,145,516,433147,378,432769,29,0,29,15656,13,15656
141531,câmara,RODRIGO DE CASTRO,PSDB,MG,RodrigoCastro45,6293,2687,15,0,51,51,0,3,3,0,8,8,0
74693,câmara,RODRIGO MAIA,DEM,RJ,DepRodrigomaia,NA,NA,0,0,0,0,0,0,0,0,0,0,0
204480,câmara,ROGÉRIO CORREIA,PT,MG,RogerioCorreia_,28057,5730,598,263,470887,269103,201784,125,34,0,47026,47026,21772
160651,câmara,ROGÉRIO PENINHA MENDONÇA,MDB,SC,deputadopeninha,9427,1468,148,0,16385,16385,0,27.5,27.5,0,2259,2259,0
178861,câmara,RONALDO CARLETTO,PP,BA,ronaldocarletto,595,26,8,0,0,0,0,0,0,0,0,0,0
204525,câmara,ROSANA VALLE,PSB,SP,RosanaValle40,NA,NA,0,0,0,0,0,0,0,0,0,0,0
178945,câmara,ROSANGELA GOMES,PRB,RJ,rosangelasgomes,1900,340,53,1,91,89,2,1,1,0,7,7,2
204357,câmara,ROSE MODESTO,PSDB,MS,rosemodestoms,NA,NA,0,0,0,0,0,0,0,0,0,0,0
73466,câmara,RUBENS BUENO,PPS,PR,rubensbuenopps,14357,10760,91,4,1948,1923,25,9,9,0,245,245,10
74371,câmara,RUBENS OTONI,PT,GO,RubensOtoni,7245,1056,127,19,50507,2554,47953,12,9,0,22394,176,22394
178887,câmara,RUBENS PEREIRA JÚNIOR,PCdoB,MA,rubenspereirajr,13992,182,315,129,82338,17843,64495,14,8,0,33341,6303,33341
73604,câmara,RUI FALCÃO,PT,SP,rfalcao13,129285,403,63,11,62898,27549,35349,204.5,132.5,0,21511,2983,21511
160635,câmara,RUY CARNEIRO,PSDB,PB,depruycarneiro,14086,6922,14,0,29,29,0,1.5,1.5,0,5,5,0
204535,câmara,SÂMIA BOMFIM,PSOL,SP,samiabomfim,45738,393,522,92,609673,528253,81420,243,196.5,0,39226,39226,22396
178990,câmara,SAMUEL MOREIRA,PSDB,SP,samuelmoreira,4503,725,44,2,206,205,1,3,3,0,23,23,1
160621,câmara,SANDRO ALEX,PSD,PR,SandroAlex2323,NA,NA,0,0,0,0,0,0,0,0,0,0,0
90842,câmara,SANTINI,PTB,RS,dep_santini,2365,514,61,9,957,923,34,10.5,10.5,0,127,127,10
204387,câmara,SARGENTO FAHUR,PSD,PR,SargentoFAHUR,392461,258,68,13,761211,744388,16823,6050,6050,0,37048,37048,4635
204399,câmara,SCHIAVINATO,PP,PR,Schiavinato_,1211,205,77,1,54,52,2,0,0,0,3,3,2
178921,câmara,SEBASTIÃO OLIVEIRA,PR,PE,Seba_Oliveira,NA,NA,0,0,0,0,0,0,0,0,0,0,0
73808,câmara,SÉRGIO BRITO,PSD,BA,sergiobritoBA,NA,NA,0,0,0,0,0,0,0,0,0,0,0
178933,câmara,SERGIO SOUZA,MDB,PR,_sergiosouza,NA,NA,0,0,0,0,0,0,0,0,0,0,0
204438,câmara,SERGIO TOLEDO,PR,AL,depsergiotoledo,NA,NA,0,0,0,0,0,0,0,0,0,0,0
178874,câmara,SERGIO VIDIGAL,PDT,ES,vidigalsergio,NA,NA,0,0,0,0,0,0,0,0,0,0,0
204437,câmara,SEVERINO PESSOA,PRB,AL,NA,NA,NA,NA,NA,NA,NA,NA,NA,NA,NA,NA,NA,NA
178961,câmara,SHÉRIDAN,PSDB,RR,depsheridan,NA,NA,0,0,0,0,0,0,0,0,0,0,0
204557,câmara,SIDNEY LEITE,PSD,AM,sidneyleite_,1399,1339,78,11,141,126,15,1,1,0,9,9,3
74356,câmara,SILAS CÂMARA,PRB,AM,SilasCamaraAM‏,NA,NA,0,0,0,0,0,0,0,0,0,0,0
204360,câmara,SILVIA CRISTINA,PDT,RO,NA,NA,NA,NA,NA,NA,NA,NA,NA,NA,NA,NA,NA,NA
204425,câmara,SILVIO COSTA FILHO,PRB,PE,Silvio_CFilho,5361,2399,76,5,5068,217,4851,2,2,0,3092,16,3092
178946,câmara,SORAYA SANTOS,PR,RJ,sorayasantos,986,119,24,5,301,189,112,6,5,0,72,27,72
178947,câmara,SÓSTENES CAVALCANTE,DEM,RJ,DepSostenes,39416,1092,331,111,315335,23441,291894,20,10,0,62959,3951,62959
92776,câmara,STEFANO AGUIAR,PSD,MG,depstefano,2031,807,5,9,7475,20,7455,2.5,0,2,7435,7,7435
177282,câmara,SUBTENENTE GONZAGA,PDT,MG,SubGonzagaMG,NA,NA,0,0,0,0,0,0,0,0,0,0,0
204534,câmara,TABATA AMARAL,PDT,SP,tabataamaralsp,28552,81,189,44,104442,101559,2883,102,81,0,20930,20930,823
178922,câmara,TADEU ALENCAR,PSB,PE,NA,NA,NA,NA,NA,NA,NA,NA,NA,NA,NA,NA,NA,NA
204464,câmara,TALÍRIA PETRONE,PSOL,RJ,taliriapetrone,78120,714,469,107,1285171,1189012,96159,626,447.5,0,147187,147187,22396
206231,câmara,TED CONTI,PSB,ES,NA,NA,NA,NA,NA,NA,NA,NA,NA,NA,NA,NA,NA,NA
178901,câmara,TEREZA CRISTINA,DEM,MS,TerezaCrisMS,62022,1317,32,5,57254,56695,559,875,875,0,9236,9236,319
204466,câmara,TEREZA NELMA,PSDB,AL,TerezaNelma_,204,65,48,0,30,30,0,0,0,0,4,4,0
143084,câmara,TIAGO DIMAS,SOLIDARIEDADE,TO,tiago_dimas,152,126,87,4,270,262,8,3,3,0,17,17,4
204519,câmara,TIAGO MITRAUD,NOVO,MG,TiagoMitraud,10358,609,305,64,40952,30650,10302,22,4,0,3762,3762,1720
160976,câmara,TIRIRICA,PR,SP,tiriricanaweb,58936,354,16,0,582,582,0,35.5,35.5,0,71,71,0
197438,câmara,TITO,AVANTE,BA,NA,NA,NA,NA,NA,NA,NA,NA,NA,NA,NA,NA,NA,NA
178934,câmara,TONINHO WANDSCHEER,PROS,PR,deputadotoninho,713,424,112,0,177,177,0,1,1,0,14,14,0
157130,câmara,TÚLIO GADÊLHA,PDT,PE,tuliogadelha,26259,95,81,3,83604,82138,1466,316.5,303.5,0,8917,8917,1061
204416,câmara,UBIRATAN SANDERSON,PSL,RS,SandersonPF,1533,1864,51,19,68208,1290,66918,15,9.5,0,12766,285,12766
178863,câmara,ULDURICO JUNIOR,PPL,BA,ulduricopinto,NA,NA,0,0,0,0,0,0,0,0,0,0,0
195866,câmara,VAIDON OLIVEIRA,PROS,CE,VaidonOliveira,NA,NA,0,0,0,0,0,0,0,0,0,0,0
204385,câmara,VALDEVAN NOVENTA,PSC,SE,dep_fed_noventa,NA,NA,0,0,0,0,0,0,0,0,0,0,0
160610,câmara,VALMIR ASSUNÇÃO,PT,BA,falavalmir,NA,NA,0,0,0,0,0,0,0,0,0,0,0
74376,câmara,VANDER LOUBET,PT,MS,vanderloubet,6214,1676,310,2,413,406,7,0,0,0,41,41,6
141553,câmara,VANDERLEI MACRIS,PSDB,SP,vanderleimacris,7103,488,108,30,2827,879,1948,5,4,0,1042,300,1042
204505,câmara,VAVÁ MARTINS,PRB,PA,VavaMartins,NA,NA,0,0,0,0,0,0,0,0,0,0,0
204396,câmara,VERMELHO,PSD,PR,NA,NA,NA,NA,NA,NA,NA,NA,NA,NA,NA,NA,NA,NA
74283,câmara,VICENTINHO,PT,SP,VICENTINHOPT,35949,21398,98,3,5983,5804,179,21,19,0,1841,1841,131
137070,câmara,VICENTINHO JÚNIOR,PR,TO,vicentinhojr,2275,1457,79,0,71,71,0,1,1,0,8,8,0
204483,câmara,VILSON DA FETAEMG,PSB,MG,NA,NA,NA,NA,NA,NA,NA,NA,NA,NA,NA,NA,NA,NA
141555,câmara,VINICIUS CARVALHO,PRB,SP,falecomvinicius,664,37,95,0,52,52,0,0,0,0,6,6,0
204478,câmara,VINICIUS FARAH,MDB,RJ,Vinicius_Farah,NA,NA,0,0,0,0,0,0,0,0,0,0,0
160591,câmara,VINICIUS GURGEL,PR,AP,vinicius2828,NA,NA,0,0,0,0,0,0,0,0,0,0,0
204532,câmara,VINICIUS POIT,NOVO,SP,ViniciusPoit,27215,256,138,67,134809,105197,29612,404,258,0,3675,3675,3649
178992,câmara,VITOR LIPPI,PSDB,SP,DepVitorLippi,3419,181,0,1,2,0,2,2,0,2,2,0,2
204443,câmara,WAGNER MONTES,PRB,RJ,depwagnermontes,115523,358,27,1,1961,1957,4,12,12,0,1118,1118,4
160569,câmara,WALDENOR PEREIRA,PT,BA,waldenorpereira,2030,278,32,24,35965,671,35294,26,3.5,0,8636,108,8636
178952,câmara,WALTER ALVES,MDB,RN,WalterAlvesRN,NA,NA,0,0,0,0,0,0,0,0,0,0,0
160518,câmara,WELITON PRADO,PROS,MG,pradoweliton,2596,677,34,0,130,130,0,3,3,0,10,10,0
74043,câmara,WELLINGTON ROBERTO,PR,PB,wr22,NA,NA,0,0,0,0,0,0,0,0,0,0,0
74044,câmara,WILSON SANTIAGO,PTB,PB,WilsonSantiago_,8340,5972,2,0,10,10,0,5,5,0,7,7,0
204463,câmara,WLADIMIR GAROTINHO,PRP,RJ,WladGarotinho,968,85,18,1,100,97,3,5,5,0,12,12,3
74439,câmara,WOLNEY QUEIROZ,PDT,PE,WolneyQueirozM,4140,502,11,5,6050,1476,4574,16,7.5,0,2215,1352,2215
178889,câmara,ZÉ CARLOS,PT,MA,Dep_ZeCarlosPT,2181,219,97,1,1021,1018,3,3,3,0,150,150,3
204559,câmara,ZÉ NETO,PT,BA,depzeneto,8358,503,27,9,352,190,162,6,2,0,56,38,56
160632,câmara,ZÉ SILVA,SOLIDARIEDADE,MG,ZeSilva_,2067,217,136,0,65,65,0,0,0,0,6,6,0
204517,câmara,ZÉ VITOR,PMN,MG,NA,NA,NA,NA,NA,NA,NA,NA,NA,NA,NA,NA,NA,NA
160592,câmara,ZECA DIRCEU,PT,PR,zeca_dirceu,10417,703,305,60,112228,21911,90317,19,10,0,48070,3634,48070
4981,senado,ACIR GURGACZ,PDT,RO,acirgurgacz,6327,162,14,0,127,127,0,3.5,3.5,0,80,80,0
5982,senado,ALESSANDRO VIEIRA,PPS,SE,sen_alessandro,6714,97,92,35,54839,38140,16699,42,17,0,6710,6710,3331
945,senado,ALVARO DIAS,PODE,PR,alvarodias_,381911,5814,878,122,648863,638454,10409,199.5,195,0,20663,20663,1840
5967,senado,ANGELO CORONEL,PSD,BA,angelocoronel_,1711,512,182,49,3572,1329,2243,4,3,0,1262,68,1262
5529,senado,ANTONIO ANASTASIA,PSDB,MG,Anastasia,55239,170,101,7,29193,28338,855,52.5,46,0,8755,8755,537
751,senado,AROLDE DE OLIVEIRA,PSD,RJ,AroldeOliveira,51823,390,154,6,14185,12924,1261,38.5,36.5,0,1289,1289,1158
5990,senado,CARLOS VIANA,PSD,MG,carlosaviana,28932,666,265,70,61414,45589,15825,46,26,0,6305,3904,6305
470,senado,CHICO RODRIGUES,DEM,RR,NA,NA,NA,NA,NA,NA,NA,NA,NA,NA,NA,NA,NA,NA
5973,senado,CID GOMES,PDT,CE,cidfgomes,146801,69,1,1,4462,581,3881,2231,290.5,1940.5,3881,581,3881
739,senado,CIRO NOGUEIRA,PP,PI,ciro_nogueira,14014,365,89,20,13633,3293,10340,9,7,0,9474,2309,9474
475,senado,CONFÚCIO MOURA,MDB,RO,confuciomoura,6424,838,132,2,995,992,3,6,6,0,44,44,2
5998,senado,DANIELLA RIBEIRO,PP,PB,soudaniella111,11002,4151,60,8,1381,1227,154,10.5,9,0,214,214,84
5537,senado,DÁRIO BERGER,MDB,SC,darioberger,3111,249,77,7,1146,1057,89,6,5,0,478,478,55
3830,senado,DAVI ALCOLUMBRE,DEM,AP,davialcolumbre,113865,763,186,56,375024,368369,6655,456.5,444.5,0,26704,26704,1655
4994,senado,EDUARDO BRAGA,MDB,AM,EduardoBraga_AM,79371,9936,139,31,10079,418,9661,2,1,0,8981,31,8981
5976,senado,EDUARDO GIRÃO,PODE,CE,EduGiraoOficial,7295,30,16,0,28885,28885,0,436,436,0,8847,8847,0
3777,senado,EDUARDO GOMES,MDB,TO,EduardoGomesTO,3206,1196,6,1,126,118,8,19,19,0,33,33,8
5718,senado,ELIZIANE GAMA,PPS,MA,elizianegama,10602,730,107,29,7981,4351,3630,21,18,0,1494,509,1494
5531,senado,ELMANO FÉRRER,PODE,PI,elmanoferrer,3650,73,137,3,1034,1009,25,5,5,0,89,89,22
22,senado,ESPERIDIÃO AMIN,PP,SC,esperidiaoamin_,9207,327,51,5,1586,1503,83,12.5,11.5,0,230,230,52
5953,senado,FABIANO CONTARATO,REDE,ES,ContaratoSenado,2212,15,194,6,8041,7766,275,21,20,0,751,751,95
5540,senado,FERNANDO BEZERRA COELHO,MDB,PE,fbezerracoelho,20660,13864,10,1,477,440,37,9,5,0,367,367,37
4525,senado,FERNANDO COLLOR,PROS,AL,Collor,32825,265,21,0,903,903,0,30,30,0,344,344,0
345,senado,FLÁVIO ARNS,REDE,PR,ArnsFlavio,1519,28,35,3,866,812,54,10.5,8,0,209,209,21
5894,senado,FLÁVIO BOLSONARO,PSL,RJ,FlavioBolsonaro,1150459,1198,35,15,868786,715380,153406,13055,7641.5,0,50263,50263,19078
5008,senado,HUMBERTO COSTA,PT,PE,senadorhumberto,90918,2448,846,154,543514,382662,160852,159.5,93.5,0,17693,15267,17693
5385,senado,IRAJÁ,PSD,TO,iraja555,4764,1104,37,1,467,465,2,10,10,0,46,46,2
4770,senado,IZALCI LUCAS,PSDB,DF,IzalciLucas,6082,289,139,25,7092,6987,105,7,7,0,4592,4592,21
35,senado,JADER BARBALHO,MDB,PA,jader_barbalho,13933,534,84,0,3355,3355,0,34,34,0,231,231,0
581,senado,JAQUES WAGNER,PT,BA,jaqueswagner,73910,651,126,16,28356,28163,193,71,71,0,3304,3304,63
4545,senado,JARBAS VASCONCELOS,MDB,PE,Jarbas156,439,12,14,0,32,32,0,2,2,0,6,6,0
4531,senado,JAYME CAMPOS,DEM,MT,NA,NA,NA,NA,NA,NA,NA,NA,NA,NA,NA,NA,NA,NA
5627,senado,JEAN PAUL PRATES,PT,RN,jpprates,6722,2954,196,32,7955,5679,2276,12,10,0,1422,685,1422
5895,senado,JORGE KAJURU,PSB,GO,SenadorKajuru,246058,372,666,327,379162,330267,48895,50,36,0,12853,12853,5959
5350,senado,JORGINHO MELLO,PR,SC,jorginhomello,6349,2389,20,7,461,183,278,7,5,0,247,31,247
3361,senado,JOSÉ MARANHÃO,MDB,PB,josemaranhaopb,3055,882,3,0,0,0,0,0,0,0,0,0,0
90,senado,JOSÉ SERRA,PSDB,SP,joseserra_,1483959,5125,27,15,11083,7470,3613,42,28,0,3557,3557,979
1249,senado,KÁTIA ABREU,PDT,TO,KatiaAbreu,138938,405,153,1,69867,69850,17,78.5,78.5,0,19638,19638,17
5533,senado,LASIER MARTINS,PODE,RS,lasiermartins,30841,306,723,46,250841,240003,10838,5,4,0,23686,23686,6001
5979,senado,LEILA BARROS,PSB,DF,leiladovolei,5536,148,113,6,7252,7203,49,31,31,0,355,355,23
5926,senado,LUCAS BARRETO,PSD,AP,LucasBarreto_AP,448,33,9,3,410,392,18,29,29,0,120,120,8
1186,senado,LUIS CARLOS HEINZE,PP,RS,SenadorHeinze,9067,1010,124,0,6182,6182,0,19.5,19.5,0,1738,1738,0
5585,senado,LUIZ DO CARMO,MDB,GO,_luizdocarmo,988,902,86,3,420,409,11,3,3,0,42,42,7
5557,senado,MAILZA GOMES,PP,AC,MailzaGomes,335,67,32,2,158,153,5,4,4,0,12,12,3
5666,senado,MAJOR OLIMPIO,PSL,SP,majorolimpio,101414,14,163,11,649641,614850,34791,2392,2217.5,0,43240,43240,8510
5376,senado,MARA GABRILLI,PSDB,SP,maragabrilli,40254,882,310,3,45985,45305,680,1,1,0,9839,9839,543
742,senado,MARCELO CASTRO,MDB,PI,MarceloCastroPI,2348,136,19,2,394,24,370,1,1,0,368,4,368
285,senado,MARCIO BITTAR,MDB,AC,marciombittar,426,998,51,3,215,206,9,2,2,0,63,63,4
5942,senado,MARCOS DO VAL,PPS,ES,marcosdoval,10601,29,193,0,16158,16158,0,18,18,0,3543,3543,0
5422,senado,MARCOS ROGÉRIO,DEM,RO,MarcosRogerio,2365,500,6,5,668,653,15,11,11,0,495,495,5
1023,senado,MARIA DO CARMO ALVES,DEM,SE,MariaSenadora,NA,NA,0,0,0,0,0,0,0,0,0,0,0
6027,senado,MECIAS DE JESUS,PRB,RR,meciasdejesus,1074,341,85,3,331,325,6,3,3,0,20,20,3
5985,senado,NELSINHO TRAD,PSD,MS,nelsinhotrad,5109,2473,39,8,480,322,158,6,5,0,124,38,124
5525,senado,OMAR AZIZ,PSD,AM,OmarAzizPSD,56473,1030,23,2,483,480,3,8,8,0,177,177,2
5924,senado,ORIOVISTO GUIMARÃES,PODE,PR,Sen_Oriovisto,1950,6,63,0,2351,2351,0,8,8,0,747,747,0
5523,senado,OTTO ALENCAR,PSD,BA,ottoalencar,18903,1159,62,8,1504,1325,179,11.5,10,0,216,216,67
825,senado,PAULO PAIM,PT,RS,paulopaim,94309,3571,79,13,64125,61566,2559,376.5,370,0,4333,4333,1344
374,senado,PAULO ROCHA,PT,PA,PauloRocha_13,42088,500,360,97,148355,4853,143502,5,2,0,85916,797,85916
5502,senado,PLÍNIO VALÉRIO,PSDB,AM,PlinioValerio45,792,190,344,142,18165,3243,14922,4,1,0,5576,152,5576
5012,senado,RANDOLFE RODRIGUES,REDE,AP,randolfeap,102616,964,257,51,281264,228451,52813,349,285,0,14692,13837,14692
5236,senado,REGUFFE,S/Partido,DF,Reguffe,122655,1959,21,0,35914,35914,0,1210,1210,0,5625,5625,0
70,senado,RENAN CALHEIROS,MDB,AL,renancalheiros,144093,230,47,3,67354,65126,2228,462,386.5,0,9943,9943,1953
677,senado,ROBERTO ROCHA,PSDB,MA,SigaRoberto_,22275,1531,141,9,19785,19610,175,15,13.5,0,9091,9091,75
5905,senado,RODRIGO CUNHA,PSDB,AL,RodrigoCunhaAL,7513,1084,14,1,5000,2494,2506,71,61,0,2506,869,2506
5732,senado,RODRIGO PACHECO,DEM,MG,rpsenador,5829,247,68,0,16011,16011,0,95.5,95.5,0,6004,6004,0
5352,senado,ROGÉRIO CARVALHO,PT,SE,SenadorRogerio,9820,617,114,24,21615,15624,5991,15,12,0,10297,10297,4714
5322,senado,ROMÁRIO,PODE,RJ,RomarioOnze,2558401,169,138,6,104345,102670,1675,141,120,0,17714,17714,915
2331,senado,ROSE DE FREITAS,PODE,ES,senadorarose,17580,98,145,6,872,824,48,1,1,0,255,255,21
5929,senado,SELMA ARRUDA,PSL,MT,SenadoraSelma,2903,113,8,6,11977,294,11683,62.5,4,0,7860,112,7860
4560,senado,SÉRGIO PETECÃO,PSD,AC,senadorpetecao,9444,280,171,0,4831,4831,0,1,1,0,4287,4287,0
5527,senado,SIMONE TEBET,MDB,MS,SimoneTebetms,123657,49,44,2,134462,133651,811,244.5,200.5,0,30199,30199,784
5988,senado,SORAYA THRONICKE,PSL,MS,SorayaThronicke,11984,303,265,59,242246,97827,144419,35,7,0,26635,14918,26635
5959,senado,STYVENSON VALENTIM,PODE,RN,SenStyvenson,1669,95,187,20,16099,4367,11732,17,16,0,8171,222,8171
3396,senado,TASSO JEREISSATI,PSDB,CE,tassojereissati,27348,169,59,2,14594,13962,632,21,17,0,10468,10468,628
5535,senado,TELMÁRIO MOTA,PROS,RR,TelmarioMotaRR,5539,222,202,4,483,468,15,1,1,0,59,59,7
5899,senado,VANDERLAN CARDOSO,PP,GO,Vanderlan_VC,7065,996,195,262,23199,2784,20415,2,0,1,19506,104,19506
5748,senado,VENEZIANO VITAL DO RÊGO,PSB,PB,venezianovital,16045,2752,71,36,888,729,159,4,2,0,69,69,27
1173,senado,WELLINGTON FAGUNDES,PR,MT,sen_wellington,5507,879,132,7,1375,494,881,2,2,0,713,56,713
5411,senado,WEVERTON,PDT,MA,wevertonrocha,7821,1190,288,19,9986,6080,3906,13,12,0,3076,477,3076
5783,senado,ZENAIDE MAIA,PROS,RN,zenaidern,NA,NA,0,0,0,0,0,0,0,0,0,0,0
3806,senado,ZEQUINHA MARINHO,PSC,PA,ZequinhaMarinho,126,326,28,0,100,100,0,3,3,0,7,7,0
