id_parlamentar,casa,nome_eleitoral,partido,UF,tem twitter?,twitter,twitter2 (se houver),facebook (não conferido),nome_civil,fazendo
204554,câmara,ABÍLIO SANTANA,PR,BA,sim,AbilioSantana_,NA,https://www.facebook.com/pastorabiliosantana/,JOSE ABILIO SILVA DE SANTANA,feito
204521,câmara,ABOU ANNI,PSL,SP,sim,abouannipv,NA,NA,PAULO SERGIO ABOU ANNI,feito
204379,câmara,ACÁCIO FAVACHO,PROS,AP,sim,FavachoAcacio,AcacioFavacho,NA,ACÁCIO DA SILVA FAVACHO NETO,feito
204560,câmara,ADOLFO VIANA,PSDB,BA,sim,AdolfoViana_,NA,NA,ADOLFO VIANA DE CASTRO NETO,feito
204528,câmara,ADRIANA VENTURA,NOVO,SP,sim,adrianasounovo,NA,NA,ADRIANA MIGUEL VENTURA,feito
121948,câmara,ADRIANO DO BALDY,PP,GO,sim,AdrianoBaldy,NA,NA,ADRIANO ANTÔNIO AVELAR,feito
74646,câmara,AÉCIO NEVES,PSDB,MG,sim,AecioNeves,NA,NA,AÉCIO NEVES DA CUNHA,feito
160508,câmara,AFONSO FLORENCE,PT,BA,sim,AfonsoFlorence‏,NA,https://www.facebook.com/afonsoflorence13,AFONSO BANDEIRA FLORENCE,feito
136811,câmara,AFONSO HAMM,PP,RS,sim,depafonsohamm,NA,https://www.facebook.com/depafonsohamm,JOSÉ ALFONSO EBERT HAMM,feito
178835,câmara,AFONSO MOTTA,PDT,RS,sim,afonso_motta,NA,https://www.facebook.com/AfonsoMottaOpina,AFONSO ANTUNES DA MOTTA,feito
160527,câmara,AGUINALDO RIBEIRO,PP,PB,sim,aguinaldo1111,depaguinaldo11,https://www.facebook.com/Aguinaldo-Ribeiro-139579162731192,AGUINALDO VELLOSO BORGES RIBEIRO,feito
204495,câmara,AIRTON FALEIRO,PT,PA,sim,FALEIRO13,FaleiroAirton,NA,AIRTON LUIZ FALEIRO,feito
204549,câmara,AJ ALBUQUERQUE,PP,CE,não,NA,NA,https://www.facebook.com/antonijose.11,ANTONIO JOSE AGUIAR ALBUQUERQUE,italo
178836,câmara,ALAN RICK,DEM,AC,sim,Alan_Rick,NA,https://www.facebook.com/deputadoalanrick,ALAN RICK MIRANDA,feito
160559,câmara,ALCEU MOREIRA,MDB,RS,sim,Alceu_Moreira,NA,https://www.facebook.com/depalceumoreira,ALCEU MOREIRA DA SILVA,feito
204413,câmara,ALCIDES RODRIGUES,PRP,GO,não,NA,NA,NA,ALCIDES RODRIGUES FILHO,nazareno
204545,câmara,ALÊ SILVA,PSL,MG,sim,oficialalesilva,NA,NA,ALESSANDRA DA SILVA,feito
204501,câmara,ALENCAR SANTANA BRAGA,PT,SP,sim,AlencarBraga13,NA,NA,ALENCAR SANTANA BRAGA,nazareno
160511,câmara,ALESSANDRO MOLON,PSB,RJ,sim,AlessandroMolon,NA,https://www.facebook.com/MolonRJ,ALESSANDRO LUCCIOLA MOLON,feito
178972,câmara,ALEX MANENTE,PPS,SP,sim,alexmanentepps,NA,https://www.facebook.com/alexmanentesbc,ALEX SPINELLI MANENTE,feito
204571,câmara,ALEX SANTANA,PDT,BA,não,NA,NA,https://www.facebook.com/depalexsantana/,ALEX MARCO SANTANA SOUSA,feito
204544,câmara,ALEXANDRE FROTA,PSL,SP,sim,alefrotabrasil,NA,NA,ALEXANDRE FROTA DE ANDRADE,feito
160545,câmara,ALEXANDRE LEITE,DEM,SP,sim,lexandreleite,NA,https://www.facebook.com/DeputadoFederalAlexandreLeite,ALEXANDRE LEITE DA SILVA,feito
204503,câmara,ALEXANDRE PADILHA,PT,SP,sim,padilhando,NA,NA,ALEXANDRE ROCHA SANTOS PADILHA,feito
178833,câmara,ALEXANDRE SERFIOTIS,PSD,RJ,sim,AleSerfiotis,NA,https://www.facebook.com/alexandreserfiotis,ALEXANDRE AUGUSTUS SERFIOTIS,feito
204516,câmara,ALEXIS FONTEYNE,NOVO,SP,sim,AlexisFonteyne,NA,NA,ALEXIS JOSEPH STEVERLYNCK FONTEYNE,feito
74057,câmara,ALICE PORTUGAL,PCdoB,BA,sim,Alice_Portugal,NA,https://www.facebook.com/deputadaaliceportugal,ALICE MAZZUCO PORTUGAL,feito
178927,câmara,ALIEL MACHADO,PSB,PR,sim,alielmachado,NA,https://www.facebook.com/Alielmachadooficial,ALIEL MACHADO BARK,feito
204353,câmara,ALINE GURGEL,PRB,AP,sim,alinegurgel1000,NA,NA,ALINE PARANHOS VARONIL GURGEL,feito
204400,câmara,ALINE SLEUTJES,PSL,PR,não,NA,NA,https://www.facebook.com/alinesleutjes/,ALINE SLEUTJES,feito
178937,câmara,ALTINEU CÔRTES,PR,RJ,sim,Altineu,NA,https://www.facebook.com/altineu,ALTINEU CÔRTES FREITAS COUTINHO,nazareno
178881,câmara,ALUISIO MENDES,PODE,MA,sim,AluisioMendesMA,NA,https://www.facebook.com/AluisioMendesOficial,ALUISIO GUIMARAES MENDES FILHO,nazareno
178881,câmara,ALUISIO MENDES,PODE,MA,sim,AluisioMendesMA,NA,https://www.facebook.com/AluisioMendesOficial,ALUISIO GUIMARAES MENDES FILHO,nazareno
204356,câmara,AMARO NETO,PRB,ES,sim,amaronetotv,NA,NA,AMARO ROCHA NASCIMENTO NETO,feito
178831,câmara,ANDRÉ ABDON,PP,AP,sim,dep_andreabdon‏,NA,https://www.facebook.com/depandreabdon,ANDRE DOS SANTOS ABDON,feito
74471,câmara,ANDRÉ DE PAULA,PSD,PE,não,NA,NA,https://www.facebook.com/andredepaulaoficial,ANDRÉ CARLOS ALVES DE PAULA FILHO,nazareno
204423,câmara,ANDRÉ FERREIRA,PSC,PE,não,NA,NA,https://www.facebook.com/oficial.andreferreira/,ANDRÉ FERREIRA RODRIGUES,feito
133439,câmara,ANDRÉ FIGUEIREDO,PDT,CE,sim,andrepdt12,NA,https://www.facebook.com/DeputadoAndreFigueiredo,ANDRÉ PEIXOTO FIGUEIREDO LIMA,feito
178882,câmara,ANDRÉ FUFUCA,PP,MA,sim,DepAndreFufuca,NA,https://www.facebook.com/andrefufuca,ANDRE LUIZ CARVALHO RIBEIRO,nazareno
178882,câmara,ANDRÉ FUFUCA,PP,MA,sim,DepAndreFufuca,NA,https://www.facebook.com/andrefufuca,ANDRE LUIZ CARVALHO RIBEIRO,nazareno
204515,câmara,ANDRÉ JANONES,AVANTE,MG,sim,AndreJanonesAdv,AndreJanones,NA,ANDRE LUIS GASPAR JANONES,feito
73696,câmara,ANGELA AMIN,PP,SC,sim,angelaamin11,NA,NA,ANGELA REGINA HEINZEN AMIN HELOU,feito
160553,câmara,ANTONIO BRITO,PSD,BA,sim,antoniobritoba,NA,https://www.facebook.com/britoantoniobahia,ANTONIO LUIZ PARANHOS RIBEIRO LEITE DE BRITO,feito
73433,câmara,ARLINDO CHINAGLIA,PT,SP,sim,achinaglia,NA,https://www.facebook.com/depchinaglia,ARLINDO CHIGNALIA JUNIOR,feito
141391,câmara,ARNALDO JARDIM,PPS,SP,sim,ArnaldoJardim,NA,https://www.facebook.com/deputadoarnaldojardim,ARNALDO CALIL PEREIRA JARDIM,feito
204414,câmara,AROLDO MARTINS,PRB,PR,sim,aroldomartins,NA,NA,JOSE AROLDO SOUZA MARTINS,feito
160541,câmara,ARTHUR LIRA,PP,AL,sim,DEPArthurLira,ArthurLira_,https://www.facebook.com/arthurliradeputadofederal,ARTHUR CÉSAR PEREIRA DE LIRA,feito
160600,câmara,ARTHUR OLIVEIRA MAIA,DEM,BA,sim,departhurmaia,NA,https://www.facebook.com/arthur.oliveiramaia,ARTHUR DE OLIVEIRA MAIA DA SILVA,feito
159237,câmara,ASSIS CARVALHO,PT,PI,sim,assis_carvalho,NA,https://www.facebook.com/assiscarvalho.pt,FRANCISCO DE ASSIS CARVALHO GONÇALVES,feito
74090,câmara,ÁTILA LINS,PP,AM,não,NA,NA,https://www.facebook.com/Deputado-%C3%81tila-Lins-329607960409077,ÁTILA SIDNEY LINS ALBUQUERQUE,nazareno
74459,câmara,ÁTILA LIRA,PSB,PI,sim,deputadoatila,NA,https://www.facebook.com/atilafreitaslira,ÁTILA FREITAS LIRA,nazareno
74459,câmara,ÁTILA LIRA,PSB,PI,sim,deputadoatila,NA,https://www.facebook.com/atilafreitaslira,ÁTILA FREITAS LIRA,nazareno
160665,câmara,AUGUSTO COUTINHO,SOLIDARIEDADE,PE,sim,augustocmelo ‏,NA,https://www.facebook.com/augusto.coutinho,AUGUSTO RODRIGUES COUTINHO DE MELO,nazareno
160665,câmara,AUGUSTO COUTINHO,SOLIDARIEDADE,PE,sim,augustocmelo ‏,NA,https://www.facebook.com/augusto.coutinho,AUGUSTO RODRIGUES COUTINHO DE MELO,nazareno
204509,câmara,ÁUREA CAROLINA,PSOL,MG,sim,aureacarolinax,NA,NA,ÁUREA CAROLINA DE FREITAS E SILVA,feito
160512,câmara,AUREO RIBEIRO,SOLIDARIEDADE,RJ,sim,DeputadoAureo,AureoRibeiroRJ,https://www.facebook.com/aureodeputado,AUREO LIDIO MOREIRA RIBEIRO,feito
69871,câmara,BACELAR,PODE,BA,sim,DeputadoBacelar,NA,https://www.facebook.com/bacelaroficial,JOAO CARLOS BACELAR BATISTA,feito
178975,câmara,BALEIA ROSSI,MDB,SP,sim,baleia_rossi,NA,https://www.facebook.com/BaleiaRossi,LUIZ FELIPE BALEIA TENUTO ROSSI,feito
73701,câmara,BENEDITA DA SILVA,PT,RJ,sim,dasilvabenedita ‏,depbenedita,https://www.facebook.com/blogdabenedita,BENEDITA SOUZA DA SILVA SAMPAIO,nazareno
73701,câmara,BENEDITA DA SILVA,PT,RJ,sim,dasilvabenedita ‏,depbenedita,https://www.facebook.com/blogdabenedita,BENEDITA SOUZA DA SILVA SAMPAIO,nazareno
109429,câmara,BENES LEOCÁDIO,PRB,RN,não,NA,NA,https://www.facebook.com/BenesLeocadioRN/,LUIZ BENES LEOCADIO DE ARAUJO,jair
141335,câmara,BETO FARO,PT,PA,sim,BetoFaroPT ‏,NA,https://www.facebook.com/beto.faro.5,JOSÉ ROBERTO OLIVEIRA FARO,nazareno
141335,câmara,BETO FARO,PT,PA,sim,BetoFaroPT ‏,NA,https://www.facebook.com/beto.faro.5,JOSÉ ROBERTO OLIVEIRA FARO,nazareno
204358,câmara,BETO PEREIRA,PSDB,MS,sim,betopereirams,NA,NA,HUMBERTO REZENDE PEREIRA,feito
178948,câmara,BETO ROSADO,PP,RN,sim,betorosado,NA,https://www.facebook.com/betorosado1111,CARLOS ALBERTO DE SOUSA ROSADO SEGUNDO,feito
207176,câmara,BIA CAVASSA,PSDB,MS,sim,BiaCavassa,NA,https://www.facebook.com/BiaCavassa/,BEATRIZ ROSALIA RIBEIRO CAVASSA DE OLIVEIRA,caio
204374,câmara,BIA KICIS,PSL,DF,sim,Biakicis,NA,NA,BEATRIZ KICIS TORRENTS DE SORDI,feito
204388,câmara,BIBO NUNES,PSL,RS,sim,bibonunes1,bibonunes,NA,ALCIBIO MESQUITA BIBO NUNES,feito
141513,câmara,BILAC PINTO,DEM,MG,sim,bilac_pinto,NA,https://www.facebook.com/bilac.pinto.5,OLAVO BILAC PINTO NETO,feito
204561,câmara,BIRA DO PINDARÉ,PSB,MA,sim,BiradoPindare,NA,NA,UBIRAJARA DO PINDARÉ ALMEIDA SOUSA,feito
204397,câmara,BOCA ABERTA,PROS,PR,sim,BocaAbertaOf,NA,NA,EMERSON MIGUEL PETRIV,nazareno
160538,câmara,BOHN GASS,PT,RS,sim,BOHNGASS,NA,https://www.facebook.com/bohngass13,ELVINO JOSÉ BOHN GASS,feito
74052,câmara,BOSCO COSTA,PR,SE,sim,BoscoCosta1234,NA,NA,JOÃO BOSCO DA COSTA,feito
204551,câmara,BOSCO SARAIVA,SOLIDARIEDADE,AM,sim,boscosaraiva,NA,NA,JOÃO BOSCO GOMES SARAIVA,feito
160589,câmara,BRUNA FURLAN,PSDB,SP,sim,BrunaFurlan_,DepBrunaFurlan,https://www.facebook.com/BrunaFurlanDeputadaFederal,BRUNA DIAS FURLAN,feito
204520,câmara,CABO JUNIO AMARAL,PSL,MG,sim,cabojunioamaral,NA,NA,GERALDO JUNIO DO AMARAL,feito
93083,câmara,CACÁ LEÃO,PP,BA,sim,CacaLeao‏,CacaLeao,https://www.facebook.com/CacaLeaoOficial,CARLOS FELIPE VAZQUEZ DE SOUZA LEÃO,feito
178853,câmara,CAETANO,PT,BA,sim,DepCaetano‏,DepCaetano,https://www.facebook.com/luiz.caetanoBA,LUIZ CARLOS CAETANO,feito
204352,câmara,CAMILO CAPIBERIBE,PSB,AP,sim,CamiloPSB,NA,NA,CARLOS CAMILO GÓES CAPIBERIBE,feito
204572,câmara,CAPITÃO ALBERTO NETO,PRB,AM,sim,capalbertoneto,cavalcantecta_n,NA,ALBERTO BARROS CAVALCANTE NETO,feito
178829,câmara,CAPITÃO AUGUSTO,PR,SP,sim,capitao_augusto,deputadocapitao,https://www.facebook.com/capitaoaugustooficial,JOSE AUGUSTO ROSA,feito
178924,câmara,CAPITÃO FÁBIO ABREU,PR,PI,sim,depfabioabreu,NA,https://www.facebook.com/deputadofabioabreupi/,FABIO ABREU COSTA,hadrizia
204487,câmara,CAPITÃO WAGNER,PROS,CE,sim,capitao_wagner,NA,NA,WAGNER SOUSA GOMES,feito
204507,câmara,CARLA ZAMBELLI,PSL,SP,sim,CarlaZambelli17,NA,NA,CARLA ZAMBELLI SALGADO,feito
141401,câmara,CARLOS BEZERRA,MDB,MT,sim,CarlosBezerraJr,bezerra1515,https://www.facebook.com/carlosbezerrajr1,CARLOS GOMES BEZERRA,feito
204361,câmara,CARLOS CHIODINI,MDB,SC,sim,carloschiodini,NA,NA,CARLOS ALBERTO CHIODINI,feito
178962,câmara,CARLOS GOMES,PRB,RS,sim,carlosgomesdep,NA,https://www.facebook.com/deputadocarlosgomes,ANTONIO CARLOS GOMES DA SILVA,feito
178993,câmara,CARLOS HENRIQUE GAGUIM,DEM,TO,sim,carlos_gaguim,NA,https://www.facebook.com/carlos.gaguim,CARLOS HENRIQUE AMORIM,feito
204460,câmara,CARLOS JORDY,PSL,RJ,sim,carlosjordy,NA,NA,CARLOS ROBERTO COELHO DE MATTOS JÚNIOR,feito
74262,câmara,CARLOS SAMPAIO,PSDB,SP,sim,carlossampaio_,NA,https://www.facebook.com/DeputadoCarlosSampaio,CARLOS HENRIQUE FOCESI SAMPAIO,feito
204426,câmara,CARLOS VERAS,PT,PE,sim,carlosveras1314,NA,NA,JOSÉ CARLOS VERAS DOS SANTOS,feito
141398,câmara,CARLOS ZARATTINI,PT,SP,sim,CarlosZarattini,NA,https://www.facebook.com/dep.zarattini,CARLOS ALBERTO ROLIM ZARATTINI,feito
164360,câmara,CARMEN ZANOTTO,PPS,SC,sim,carmenzanotto,ImprensaZanotto,https://www.facebook.com/DeputadaCarmenZanotto,CARMEN EMÍLIA BONFÁ ZANOTTO,feito
204369,câmara,CAROLINE DE TONI,PSL,SC,sim,CarolDeToni3,NA,NA,CAROLINE RODRIGUES DE TONI,feito
204499,câmara,CÁSSIO ANDRADE,PSB,PA,sim,Cassio_4011,NA,NA,CASSIO COELHO ANDRADE,feito
204380,câmara,CELINA LEÃO,PP,DF,sim,celinaleao,NA,NA,CELINA LEAO HIZIM,feito
204370,câmara,CÉLIO MOURA,PT,TO,sim,CelioMoura13,NA,NA,CELIO ALVES DE MOURA,feito
178876,câmara,CÉLIO SILVEIRA,PSDB,GO,sim,csilveira4599 ‏,csilveira4599,https://www.facebook.com/CelioSilveiraOficial,CELIO ANTONIO DA SILVEIRA,nazareno
178876,câmara,CÉLIO SILVEIRA,PSDB,GO,sim,csilveira4599 ‏,csilveira4599,https://www.facebook.com/CelioSilveiraOficial,CELIO ANTONIO DA SILVEIRA,nazareno
204488,câmara,CÉLIO STUDART,PV,CE,sim,CelioStudart,NA,NA,CELIO STUDART BARBOSA,feito
141405,câmara,CELSO MALDANER,MDB,SC,sim,celsomaldaner,maldaner_celso,https://www.facebook.com/celso.maldaner,CELSO MALDANER,feito
73441,câmara,CELSO RUSSOMANNO,PRB,SP,sim,celsorussomanno,NA,https://www.facebook.com/celsorussomanno,CELSO UBIRAJARA RUSSOMANNO,feito
204496,câmara,CELSO SABINO,PSDB,PA,sim,celso_sabino,NA,NA,CELSO SABINO DE OLIVEIRA,feito
204504,câmara,CEZINHA DE MADUREIRA,PSD,SP,sim,Czmadureira,NA,NA,ANTONIO CEZAR CORREIA FREIRE,feito
205476,câmara,CHARLES FERNANDES,PSD,BA,sim,CharlesGbi,NA,NA,CHARLES FERNANDES SILVEIRA SANTANA,feito
204490,câmara,CHARLLES EVANGELISTA,PSL,MG,sim,charllesevg,NA,NA,CHARLLES THOMACELLI EVANGELISTA,feito
141439,câmara,CHICO D'ANGELO,PDT,RJ,sim,chico_dangelo,NA,https://www.facebook.com/chicodangelo,FRANCISCO JOSÉ D'ANGELO PINTO,feito
204476,câmara,CHIQUINHO BRAZÃO,AVANTE,RJ,sim,BrazaoChiquinho,NA,NA,JOÃO FRANCISCO INÁCIO BRAZÃO,feito
204462,câmara,CHRIS TONIETTO,PSL,RJ,sim,ChrisTonietto17,NA,NA,CHRISTINE NOGUEIRA DOS REIS TONIETTO,feito
178928,câmara,CHRISTIANE DE SOUZA YARED,PR,PR,sim,christianeyared,NA,https://www.facebook.com/ChristianeYared,CHRISTIANE DE SOUZA YARED,feito
204440,câmara,CHRISTINO AUREO,PP,RJ,sim,christinoaureo,NA,NA,CHRISTINO AUREO DA SILVA,feito
178939,câmara,CLARISSA GAROTINHO,PROS,RJ,sim,dep_clarissa,NA,NA,CLARISSA BARROS ASSED MATHEUS DE OLIVEIRA,feito
74537,câmara,CLAUDIO CAJADO,PP,BA,sim,claudio_cajado,deputadocajado,https://www.facebook.com/deputadocajado,CLÁUDIO CAJADO SAMPAIO,feito
141408,câmara,CLEBER VERDE,PRB,MA,sim,CleberVerde10 ‏,CleberVerde10,https://www.facebook.com/cleberverde.1010,CLEBER VERDE CORDEIRO MENDES,nazareno
141408,câmara,CLEBER VERDE,PRB,MA,sim,CleberVerde10 ‏,CleberVerde10,https://www.facebook.com/cleberverde.1010,CLEBER VERDE CORDEIRO MENDES,nazareno
204376,câmara,CORONEL ARMANDO,PSL,SC,não,NA,NA,https://www.facebook.com/coronel.armando/,LUIZ ARMANDO SCHROEDER REIS,jair
204378,câmara,CORONEL CHRISÓSTOMO,PSL,RO,não,NA,NA,https://www.facebook.com/chrisostomoOficial/,JOAO CHRISÓSTOMO DE MOURA,gileade
204514,câmara,CORONEL TADEU,PSL,SP,sim,CoronelTadeu,NA,NA,MARCIO TADEU ANHAIA DE LEMOS,feito
178963,câmara,COVATTI FILHO,PP,RS,sim,CovattiFilho,NA,https://www.facebook.com/covatti.filho,LUIS ANTONIO FRANCISCATTO COVATTI,feito
135054,câmara,CRISTIANO VALE,PR,PA,não,NA,NA,https://www.facebook.com/cristianovale2222/,CRISTIANO DUTRA VALE,caio
204355,câmara,DA VITORIA,PPS,ES,sim,josiasdavitoria,NA,NA,JOSIAS MARIO DA VITORIA,feito
141411,câmara,DAGOBERTO NOGUEIRA,PDT,MS,sim,dagobertopdt,NA,https://www.facebook.com/dagobertopdt,DAGOBERTO NOGUEIRA FILHO,feito
74467,câmara,DAMIÃO FELICIANO,PDT,PB,sim,drdamiao,DrDamiaoOFICIAL,https://www.facebook.com/drdamiao,DAMIÃO FELICIANO DA SILVA,feito
74060,câmara,DANIEL ALMEIDA,PCdoB,BA,sim,Daniel_PCdoB‏,Daniel_PCdoB,https://www.facebook.com/depdanielalmeida,DANIEL GOMES DE ALMEIDA,feito
178916,câmara,DANIEL COELHO,PPS,PE,sim,DanielCoelho23 ‏,DanielCoelho23,https://www.facebook.com/DanielCoelho23/,DANIEL PIRES COELHO,nazareno
178916,câmara,DANIEL COELHO,PPS,PE,sim,DanielCoelho23 ‏,DanielCoelho23,https://www.facebook.com/DanielCoelho23/,DANIEL PIRES COELHO,nazareno
204367,câmara,DANIEL FREITAS,PSL,SC,não,NA,NA,NA,DANIEL COSTA DE FREITAS,caio
204454,câmara,DANIEL SILVEIRA,PSL,RJ,sim,DanielPMERJ,NA,NA,DANIEL LUCIO DA SILVEIRA,feito
204409,câmara,DANIEL TRZECIAK,PSDB,RS,sim,TrzeciakDaniel,NA,NA,DANIEL TRZECIAK DUARTE,feito
204459,câmara,DANIELA DO WAGUINHO,MDB,RJ,sim,DanielaWaguinho,NA,NA,DANIELA MOTE DE SOUZA CARNEIRO,feito
160528,câmara,DANILO CABRAL,PSB,PE,sim,danilo4010 ‏,danilocabral__,https://www.facebook.com/danilocabral4010,DANILO JORGE DE BARROS CABRAL,nazareno
160528,câmara,DANILO CABRAL,PSB,PE,sim,danilo4010 ‏,danilocabral__,https://www.facebook.com/danilocabral4010,DANILO JORGE DE BARROS CABRAL,nazareno
160552,câmara,DANRLEI DE DEUS HINTERHOLZ,PSD,RS,sim,DanrleiFederal,NA,https://www.facebook.com/Danrlei-Hinterholz-351569478324459,DANRLEI DE DEUS HINTERHOLZ,feito
116379,câmara,DARCI DE MATOS,PSD,SC,sim,depdarcidematos,NA,NA,DARCI DE MATOS,feito
73891,câmara,DARCÍSIO PERONDI,MDB,RS,sim,darcisioperondi,NA,https://www.facebook.com/DarcisioPerondi,DARCÍSIO PAULO PERONDI,feito
205548,câmara,DAVID MIRANDA,PSOL,RJ,sim,davidmirandario,NA,NA,DAVID MICHAEL DOS SANTOS MIRANDA,feito
204511,câmara,DAVID SOARES,DEM,SP,sim,DavidLouve,NA,https://www.facebook.com/davidsoaresbr/,DAVID BEZERRA RIBEIRO SOARES,caio
204451,câmara,DELEGADO ANTÔNIO FURTADO,PSL,RJ,sim,delegadofurtado,NA,https://www.facebook.com/DelegadoAntonioFurtado/,ANTÔNIO DA LUZ FURTADO,italo
178908,câmara,DELEGADO ÉDER MAURO,PSD,PA,sim,EderMauroPA,NA,https://www.facebook.com/edermauroficial,EDER MAURO CARDOSO BARRA,feito
204512,câmara,DELEGADO MARCELO FREITAS,PSL,MG,não,NA,NA,https://web.facebook.com/delegadomarcelofreitas,MARCELO EDUARDO FREITAS,feito
204569,câmara,DELEGADO PABLO,PSL,AM,sim,DelegadoPablo_,NA,NA,PABLO OLIVA SOUZA,feito
164359,câmara,DELEGADO WALDIR,PSL,GO,sim,delegado_waldir,NA,https://www.facebook.com/delegado.waldir,WALDIR SOARES DE OLIVEIRA,feito
204542,câmara,DENIS BEZERRA,PSB,CE,sim,denisbezerra,NA,https://www.facebook.com/Drdenisbezerra/,DENIS ANDERSON DA ROCHA BEZERRA,caio
160588,câmara,DIEGO ANDRADE,PSD,MG,sim,diegoandrade_mg,NA,https://www.facebook.com/diegoandrademg,DIEGO LEONARDO DE ANDRADE CARVALHO,feito
178929,câmara,DIEGO GARCIA,PODE,PR,sim,diegogarciapr,NA,https://www.facebook.com/DiegoGarciaDeputado,DIEGO ALEXSANDER GONCALO PAULA GARCIA,feito
160599,câmara,DIMAS FABIANO,PP,MG,sim,depdimasfabiano,NA,https://www.facebook.com/depdimasfabiano.toledo,DIMAS FABIANO TOLEDO JÚNIOR,feito
143632,câmara,DOMINGOS NETO,PSD,CE,sim,Domingos_Neto,NA,https://www.facebook.com/DomingosNetoCeara,DOMINGOS GOMES DE AGUIAR NETO,feito
160758,câmara,DOMINGOS SÁVIO,PSDB,MG,sim,DomingosSavioMG,NA,https://www.facebook.com/domingossaviomg,DOMINGOS SÁVIO CAMPOS RESENDE,feito
204518,câmara,DR. FREDERICO,PATRI,MG,sim,DrFredericoMG,NA,NA,FREDERICO DE CASTRO ESCALEIRA,feito
204481,câmara,DR. JAZIEL,PR,CE,não,NA,NA,https://www.facebook.com/Dr.JazielPereira/,JAZIEL PEREIRA DE SOUSA,jair
204439,câmara,DR. LEONARDO,SOLIDARIEDADE,MT,sim,DrLeonardomt,NA,NA,LEONARDO RIBEIRO ALBUQUERQUE,feito
204450,câmara,DR. LUIZ ANTONIO TEIXEIRA JR.,PP,RJ,sim,drluizantoniojr,NA,NA,LUIZ ANTONIO DE SOUZA TEIXEIRA JÚNIOR,feito
204351,câmara,DR. LUIZ OVANDO,PSL,MS,não,NA,NA,https://www.facebook.com/drluizovando/,LUIZ ALBERTO OVANDO,nazareno
204412,câmara,DR. ZACHARIAS CALIL,DEM,GO,não,NA,NA,NA,ZACARIAS CALIL HAMU,tarciso
81297,câmara,DRA. SORAYA MANATO,PSL,ES,sim,DraManato,NA,NA,SORAYA DE SOUZA MANNATO,feito
204434,câmara,DRA. VANDA MILANI,SOLIDARIEDADE,AC,sim,Vandamilani,NA,NA,VANDA DENIR MILANI NOGUEIRA,tarciso
178994,câmara,DULCE MIRANDA,MDB,TO,sim,dulcemiranda_to,NA,https://www.facebook.com/dulcepaganimiranda,DULCE FERREIRA PAGANI MIRANDA,feito
204562,câmara,EDILÁZIO JÚNIOR,PSD,MA,sim,DepEdilazioJr,NA,NA,EDILAZIO GOMES DA SILVA JUNIOR,feito
141417,câmara,EDIO LOPES,PR,RR,sim,ediolopes,NA,https://www.facebook.com/deputadoediolopes,ÉDIO VIEIRA LOPES,feito
134812,câmara,EDMILSON RODRIGUES,PSOL,PA,sim,EdmilsonPSOL,NA,https://www.facebook.com/edmilsonpsol,EDMILSON BRITO RODRIGUES,feito
204421,câmara,EDNA HENRIQUE,PSDB,PB,não,NA,NA,NA,EDNACE ALVES SILVESTRE HENRIQUE,cao
74655,câmara,EDUARDO BARBOSA,PSDB,MG,sim,eduardobarbosa_,NA,https://www.facebook.com/deputadofederaleduardobarbosa,EDUARDO LUIZ BARROS BARBOSA,feito
204541,câmara,EDUARDO BISMARCK,PDT,CE,sim,eduardobismarck,NA,NA,EDUARDO HENRIQUE MAIA BISMARCK,feito
92346,câmara,EDUARDO BOLSONARO,PSL,SP,sim,bolsonarosp,NA,https://www.facebook.com/bolsonaro.enb,EDUARDO NANTES BOLSONARO,feito
204552,câmara,EDUARDO BRAIDE,PMN,MA,sim,SouEduardo33,NA,NA,EDUARDO SALIM BRAIDE,feito
204500,câmara,EDUARDO COSTA,PTB,PA,sim,dep_eduardo,NA,NA,JOSE EDUARDO PEREIRA DA COSTA,feito
178977,câmara,EDUARDO CURY,PSDB,SP,sim,eduardo_cury,NA,https://www.facebook.com/EduardoCuryOficial,EDUARDO PEDROSA CURY,feito
141421,câmara,EDUARDO DA FONTE,PP,PE,sim,eduardodafonte,NA,https://www.facebook.com/dududafonte,EDUARDO HENRIQUE DA FONTE DE ALBUQUERQUE SILVA,feito
141422,câmara,EFRAIM FILHO,DEM,PB,sim,efraimfilho,NA,https://www.facebook.com/efraimfilho,EFRAIM DE ARAÚJO MORAIS FILHO,feito
74075,câmara,ELCIONE BARBALHO,MDB,PA,sim,elcionepmdb,NA,https://www.facebook.com/Dep.ElcioneBarbalho,ELCIONE THEREZINHA ZAHLUTH BARBALHO,feito
204364,câmara,ELI BORGES,SOLIDARIEDADE,TO,sim,elidiasborges,NA,NA,ELI DIAS BORGES,feito
160532,câmara,ELI CORRÊA FILHO,DEM,SP,não,NA,NA,https://www.facebook.com/EliCorreaFilho,ADRIANO ELI CORRÊA,nazareno
204389,câmara,ELIAS VAZ,PSB,GO,sim,EliasVazGyn,NA,NA,ELIAS VAZ DE ANDRADE,feito
178854,câmara,ELMAR NASCIMENTO,DEM,BA,sim,ElmarNascimento,DepElmar,https://www.facebook.com/elmarnascimento,ELMAR JOSE VIEIRA NASCIMENTO,feito
198783,câmara,EMANUEL PINHEIRO NETO,PTB,MT,sim,emanuelzinhomt,NA,NA,EMANUEL PINHEIRO DA SILVA PRIMO,feito
161550,câmara,EMIDINHO MADEIRA,PSB,MG,sim,emidinhomadeira,NA,NA,EMIDIO ALVES MADEIRA JUNIOR,feito
207309,câmara,ENÉIAS REIS,PSL,MG,sim,DepEneiasReis,NA,https://www.facebook.com/vereadoreneiasreis/,ENEIAS JOSÉ DOS REIS,hadrizia
132504,câmara,ENIO VERRI,PT,PR,sim,enioverri,NA,https://www.facebook.com/enioverri,ENIO JOSÉ VERRI,feito
204537,câmara,ENRICO MISASI,PV,SP,sim,enricomisasi,NA,NA,ENRICO VAN BLARCUM DE GRAAFF MISASI,feito
160575,câmara,ERIKA KOKAY,PT,DF,sim,erikakokay,NA,https://www.facebook.com/ErikaKokay,ÉRIKA JUCÁ KOKAY,feito
160640,câmara,EROS BIONDINI,PROS,MG,sim,erosbiondini,NA,https://www.facebook.com/erosbiondini,EROS FERREIRA BIONDINI,feito
204482,câmara,EUCLYDES PETTERSEN,PSC,MG,sim,EuclydesPetter,NA,NA,EUCLYDES MARCOS PETTERSEN NETO,feito
178871,câmara,EVAIR VIEIRA DE MELO,PP,ES,sim,EvairdeMelo,NA,https://www.facebook.com/evair.vieirademelo,EVAIR VIEIRA DE MELO,feito
178930,câmara,EVANDRO ROMAN,PSD,PR,sim,roman_evandro,NA,https://www.facebook.com/evandrorogerio.roman,EVANDRO ROGERIO ROMAN,feito
178953,câmara,EXPEDITO NETTO,PSD,RO,sim,netto_expedito,NA,https://www.facebook.com/expedito.netto.1,EXPEDITO GONCALVES FERREIRA NETTO,feito
141428,câmara,FÁBIO FARIA,PSD,RN,sim,fabiofaria33,fabiofaria5555,https://www.facebook.com/fabiofaria5555,FÁBIO SALUSTINO MESQUITA DE FARIA,feito
68720,câmara,FÁBIO HENRIQUE,PDT,SE,sim,FabioHenriqueSE,NA,NA,FABIO HENRIQUE SANTANA DE CARVALHO,feito
178969,câmara,FÁBIO MITIDIERI,PSD,SE,sim,depfmitidieri,NA,https://www.facebook.com/depfmitidieri,FABIO CRUZ MITIDIERI,feito
141427,câmara,FÁBIO RAMALHO,MDB,MG,sim,_FabinhoRamalho,NA,https://www.facebook.com/deputadofabioramalho4311,FÁBIO AUGUSTO RAMALHO DOS SANTOS,jair
171623,câmara,FABIO REIS,MDB,SE,sim,fabioreis1515,NA,https://www.facebook.com/fabioreis1515,FABIO DE ALMEIDA REIS,feito
204368,câmara,FABIO SCHIOCHET,PSL,SC,sim,deputadofabiosc,NA,https://www.facebook.com/FabioSchiochetSC/,FÁBIO LUIZ SCHIOCHET FILHO,hadrizia
160587,câmara,FÁBIO TRAD,PSD,MS,sim,f_trad,NA,NA,FÁBIO RICARDO TRAD,feito
66828,câmara,FAUSTO PINATO,PP,SP,sim,faustopinato,Fausto_Pinato,https://www.facebook.com/faustopinato,FAUSTO RUY PINATO,feito
204477,câmara,FELÍCIO LATERÇA,PSL,RJ,não,NA,NA,https://www.facebook.com/feliciolatercarj/,FELÍCIO LATERÇA DE ALMEIDA,hadrizia
72442,câmara,FELIPE CARRERAS,PSB,PE,sim,felipecarreras,NA,NA,FELIPE AUGUSTO LYRA CARRERAS,feito
204398,câmara,FELIPE FRANCISCHINI,PSL,PR,sim,FFrancischini_,NA,NA,LUIS FELIPE BONATTO FRANCISCHINI,feito
204371,câmara,FELIPE RIGONI,PSB,ES,sim,rigoni_felipe,NA,NA,FELIPE RIGONI LOPES,feito
160666,câmara,FÉLIX MENDONÇA JÚNIOR,PDT,BA,sim,felixMendoncaJr,FelixMendoncaJr,https://www.facebook.com/felixjunior1234,FELIX DE ALMEIDA MENDONÇA JÚNIOR,feito
204407,câmara,FERNANDA MELCHIONNA,PSOL,RS,sim,fernandapsol,NA,NA,FERNANDA MELCHIONNA E SILVA,feito
141431,câmara,FERNANDO COELHO FILHO,DEM,PE,sim,FBCFilho,NA,https://www.facebook.com/fernandofilhope,FERNANDO BEZERRA DE SOUZA COELHO FILHO,feito
204445,câmara,FERNANDO MINEIRO,PT,RN,sim,mineiroptrn,NA,https://www.facebook.com/mineiroptrn/,FERNANDO WANDERLEY VARGAS DA SILVA,hadrizia
92699,câmara,FERNANDO MONTEIRO,PP,PE,sim,fmonteirope,NA,https://www.facebook.com/fernandomonteirope,FERNANDO MONTEIRO DE ALBUQUERQUE,nazareno
204427,câmara,FERNANDO RODOLFO,PR,PE,sim,fernandorodolfo,NA,NA,FERNANDO RODOLFO TENORIO DE VASCONCELOS,feito
204411,câmara,FILIPE BARROS,PSL,PR,sim,filipebarrost,NA,NA,FILIPE BARROS BAPTISTA DE TOLEDO RIBEIRO,feito
204354,câmara,FLÁVIA ARRUDA,PR,DF,sim,flaviaarrudadf,NA,https://www.facebook.com/FlaviaArrudaDF/,FLÁVIA CAROLINA PÉRES,hadrizia
160598,câmara,FLÁVIA MORAIS,PDT,GO,sim,depflaviamorais,NA,https://www.facebook.com/flavia.morais.714049,FLÁVIA CARREIRO ALBUQUERQUE MORAIS,feito
141434,câmara,FLAVIANO MELO,MDB,AC,sim,flaviano_melo,NA,https://www.facebook.com/flavianomelo15,FLAVIANO FLÁVIO BAPTISTA DE MELO,feito
191923,câmara,FLAVIO NOGUEIRA,PDT,PI,sim,flavionoguera,NA,https://www.facebook.com/flavionogueirapi/,FLÁVIO RODRIGUES NOGUEIRA,hadrizia
204447,câmara,FLORDELIS,PSD,RJ,sim,Flordelismk,NA,NA,FLORDELIS DOS SANTOS DE SOUZA,feito
204392,câmara,FRANCISCO JR.,PSD,GO,sim,franciscojr_go,NA,NA,FRANCISCO RODRIGUES VALE JUNIOR,feito
204510,câmara,FRANCO CARTAFINA,PHS,MG,sim,FrancoCartafina,NA,NA,FRANCO CARTAFINA GOMES,feito
204494,câmara,FRED COSTA,PATRI,MG,sim,fredcosta5133,NA,https://www.facebook.com/FredCostaDeputado/,FREDERICO BORGES DA COSTA,hadrizia
204393,câmara,FREI ANASTACIO RIBEIRO,PT,PB,sim,freianastacioal,NA,https://www.facebook.com/freianastaciopt/,ANTONIO RIBEIRO,itlao
115746,câmara,GELSON AZEVEDO,PR,RJ,não,NA,NA,https://www.facebook.com/pg/gelsonazevedooficial/,GELSON DE AZEVEDO ALMEIDA,hadrizia
160669,câmara,GENECIAS NORONHA,SOLIDARIEDADE,CE,sim,depgenecias,NA,https://www.facebook.com/Deputado-Federal-Genecias-Noronha-213910975288105,GENECIAS MATEUS NORONHA,feito
204473,câmara,GENERAL GIRÃO,PSL,RN,sim,GeneralGirao,NA,NA,ELIÉSER GIRÃO MONTEIRO FILHO,feito
204484,câmara,GENERAL PETERNELLI,PSL,SP,sim,GenPeternelli,NA,NA,ROBERTO SEBASTIÃO PETERNELLI JUNIOR,feito
204527,câmara,GENINHO ZULIANI,DEM,SP,sim,geninhozuliani,NA,NA,EUGENIO JOSÉ ZULIANI,feito
178966,câmara,GEOVANIA DE SÁ,PSDB,SC,sim,geovaniadesa,NA,https://www.facebook.com/geovaniasarodrigues,GEOVANIA DE SA RODRIGUES,feito
74374,câmara,GERALDO RESENDE,PSDB,MS,sim,dep_geraldo,NA,https://www.facebook.com/GeraldoResendeMS,GERALDO RESENDE PEREIRA,feito
204394,câmara,GERVÁSIO MAIA,PSB,PB,sim,gervasiomaia,NA,NA,GERVÁSIO AGRIPINO MAIA,feito
74383,câmara,GIACOBO,PR,PR,sim,fernandogiacobo,NA,https://www.facebook.com/fernandogiacobo,FERNANDO LÚCIO GIACOBO,feito
204575,câmara,GIL CUTRIM,PDT,MA,sim,gilcutrim,NA,NA,GILLIANO FRED NASCIMENTO CUTRIM,feito
204491,câmara,GILBERTO ABRAMO,PRB,MG,sim,gilbertoabramo,NA,NA,GILBERTO APARECIDO ABRAMO,feito
74270,câmara,GILBERTO NASCIMENTO,PSC,SP,sim,gilbertopsc20,NA,https://www.facebook.com/gilbertonascimento.psc20,GILBERTO NASCIMENTO SILVA,feito
204365,câmara,GILSON MARQUES,NOVO,SC,sim,gilsonmarques30,NA,NA,GILSON MARQUES VIEIRA,feito
160673,câmara,GIOVANI CHERINI,PR,RS,sim,giovanicherini,NA,https://www.facebook.com/deputadogiovanicherini,GIOVANI CHERINI,feito
178996,câmara,GIOVANI FELTES,MDB,RS,sim,GiovaniFeltes,NA,NA,GIOVANI BATISTA FELTES,feito
152605,câmara,GLAUBER BRAGA,PSOL,RJ,sim,Glauber_Braga,NA,https://www.facebook.com/glauber.braga1,GLAUBER DE MEDEIROS BRAGA,feito
204419,câmara,GLAUSTIN FOKUS,PSC,GO,sim,glaustinfokus,NA,NA,GLAUSKSTON BATISTA RIOS,feito
107283,câmara,GLEISI HOFFMANN,PT,PR,sim,gleisi,NA,NA,GLEISI HELENA HOFFMANN,feito
74419,câmara,GONZAGA PATRIOTA,PSB,PE,não,NA,NA,https://www.facebook.com/DepGonzagaPatriota,LUIZ GONZAGA PATRIOTA,nazareno
198197,câmara,GREYCE ELIAS,AVANTE,MG,não,NA,NA,https://www.facebook.com/greyce.elias/,GREYCE DE QUEIROZ ELIAS,gileade
204513,câmara,GUIGA PEIXOTO,PSL,SP,sim,zeguilherme_10,NA,NA,JOSÉ GUILHERME NEGRÃO PEIXOTO,feito
204531,câmara,GUILHERME DERRITE,PP,SP,sim,capitaoderrite,NA,https://www.facebook.com/capitaoderrite/,GUILHERME MURARO DERRITE,gileade
160667,câmara,GUILHERME MUSSI,PP,SP,sim,guilhermemussi,NA,https://www.facebook.com/deputadoguilhermemussi,GUILHERME MUSSI FERREIRA,feito
204442,câmara,GURGEL,PSL,RJ,sim,gurgelsoares,NA,https://www.facebook.com/gurgelsoaresrj/,JOÃO CARLOS SOARES GURGEL,gileade
73460,câmara,GUSTAVO FRUET,PDT,PR,sim,gustavofruet,NA,NA,GUSTAVO BONATO FRUET,feito
204408,câmara,GUSTINHO RIBEIRO,SOLIDARIEDADE,SE,sim,GustinhoRibeiro,NA,NA,LUIZ AUGUSTO CARVALHO RIBEIRO FILHO,feito
204456,câmara,GUTEMBERG REIS,MDB,RJ,sim,guth_reis,NA,NA,GUTEMBERG REIS DE OLIVEIRA,feito
204465,câmara,HAROLDO CATHEDRAL,PSD,RR,não,NA,NA,https://www.facebook.com/haroldocathedral/,HAROLDO ALVES CAMPOS,jair
204548,câmara,HEITOR FREIRE,PSL,CE,sim,HeitorFreireCE,NA,NA,HEITOR RODRIGO PEREIRA FREIRE,feito
178964,câmara,HEITOR SCHUCH,PSB,RS,sim,HeitorSchuch,NA,https://www.facebook.com/heitorschuchoficial,HEITOR JOSE SCHUCH,feito
178873,câmara,HELDER SALOMÃO,PT,ES,sim,heldersalomao,NA,https://www.facebook.com/helder.salomao.313,HELDER IGNACIO SALOMAO,feito
204373,câmara,HÉLIO COSTA,PRB,SC,sim,HelioCosta,NA,https://www.facebook.com/HelioCostaSC/,HÉLIO FRANCISCO DA COSTA,jair
178909,câmara,HÉLIO LEITE,DEM,PA,não,NA,NA,https://www.facebook.com/HelioLeite2525,HELIO LEITE DA SILVA,nazareno
204444,câmara,HELIO LOPES,PSL,RJ,sim,depheliolopes,NA,NA,HELIO FERNANDO BARBOSA LOPES,feito
73482,câmara,HENRIQUE FONTANA,PT,RS,sim,henriquefontana,NA,https://www.facebook.com/deputadohenriquefontana,HENRIQUE FONTANA JÚNIOR,feito
204539,câmara,HERCÍLIO COELHO DINIZ,MDB,MG,não,NA,NA,https://www.facebook.com/herciliocoelhodinizoficial/,HERCÍLIO ARAÚJO DINIZ FILHO,jair
178981,câmara,HERCULANO PASSOS,MDB,SP,sim,herculanopassos,NA,https://www.facebook.com/HerculanoPassos,HERCULANO CASTILHO PASSOS JUNIOR,feito
73772,câmara,HERMES PARCIANELLO,MDB,PR,sim,parcianello,NA,NA,HERMES PARCIANELLO,jair
178884,câmara,HILDO ROCHA,MDB,MA,sim,hildorocha1513,NA,https://www.facebook.com/hildorocha1,HILDO AUGUSTO DA ROCHA NETO,feito
178959,câmara,HIRAN GONÇALVES,PP,RR,sim,deputadohiran,NA,https://www.facebook.com/DeputadoHiran,HIRAN MANUEL GONCALVES DA SILVA,feito
141450,câmara,HUGO LEAL,PSD,RJ,sim,dephugoleal,NA,https://www.facebook.com/hugo.leal.758,HUGO LEAL MELO DA SILVA,feito
160674,câmara,HUGO MOTTA,PRB,PB,sim,hugomottapb,NA,https://www.facebook.com/hugomottapb,HUGO MOTTA WANDERLEY DA NÓBREGA,feito
204533,câmara,IDILVAN ALENCAR,PDT,CE,sim,idilvan,NA,NA,ANTONIO IDILVAN DE LIMA ALENCAR,feito
204564,câmara,IGOR KANNÁRIO,PHS,BA,não,NA,NA,https://www.facebook.com/deputadoigorkannario/,ANDERSON MACHADO DE JESUS,feito
204508,câmara,IGOR TIMO,PODE,MG,sim,oficialigortimo,NA,NA,IGOR TARCIANO TIMO,feito
67138,câmara,IRACEMA PORTELLA,PP,PI,sim,iracemaportela,NA,https://www.facebook.com/iracemaportella,IRACEMA MARIA PORTELLA NUNES NOGUEIRA LIMA,feito
204436,câmara,ISNALDO BULHÕES JR.,MDB,AL,sim,bulhoesjr,NA,NA,ISNALDO BULHOES BARROS JUNIOR,feito
73531,câmara,IVAN VALENTE,PSOL,SP,sim,ivanvalente,NA,https://www.facebook.com/IvanValentePSOL,IVAN VALENTE,feito
74848,câmara,JANDIRA FEGHALI,PCdoB,RJ,sim,jandira_feghali,NA,https://www.facebook.com/sigajandira2,JANDIRA FEGHALI,feito
108338,câmara,JAQUELINE CASSOL,PP,RO,sim,jqcassol,NA,NA,DIRLAINE JAQUELINE CASSOL,feito
160672,câmara,JEAN WYLLYS,PSOL,RJ,sim,jeanwyllys_real,NA,https://www.facebook.com/jean.wyllys,JEAN WYLLYS DE MATOS SANTOS,feito
74273,câmara,JEFFERSON CAMPOS,PSB,SP,sim,DepJefferson,NA,https://www.facebook.com/PrJeffersonCampos,JEFFERSON ALVES DE CAMPOS,feito
160570,câmara,JERÔNIMO GOERGEN,PP,RS,sim,jeronimogoergen,NA,https://www.facebook.com/depjeronimogoergen,JERÔNIMO PIZZOLOTTO GOERGEN,feito
178839,câmara,JÉSSICA SALES,MDB,AC,não,NA,NA,https://www.facebook.com/pg/dep.jessicasales,JESSICA ROJAS SALES,nazareno
204435,câmara,JESUS SÉRGIO,PDT,AC,sim,jesussergioac,NA,https://www.facebook.com/deputadoJesusSergio12/,JESUS SERGIO DE MENEZES,jair
178842,câmara,JHC,PSB,AL,sim,JHC_40,NA,https://www.facebook.com/jhc,JOAO HENRIQUE HOLANDA  CALDAS,feito
160531,câmara,JHONATAN DE JESUS,PRB,RR,sim,jhonatan_djesus,NA,https://www.facebook.com/DepJhonatanJesus,JOHNATHAN PEREIRA DE JESUS,feito
74366,câmara,JOÃO CAMPOS,PRB,GO,sim,depjoaocampos,joaocamposdep,https://www.facebook.com/deputadojoaocampos,JOÃO CAMPOS DE ARAÚJO,feito
141458,câmara,JOÃO CARLOS BACELAR,PR,BA,sim,deputadobacelar,NA,https://www.facebook.com/joaobacelar2288,JOÃO CARLOS PAOLILO BACELAR FILHO,feito
178970,câmara,JOÃO DANIEL,PT,SE,sim,joaodanielPT,NA,https://www.facebook.com/deputadojoaodaniel,JOAO SOMARIVA DANIEL,feito
204429,câmara,JOÃO H. CAMPOS,PSB,PE,não,NA,NA,https://www.facebook.com/joaocampospsb/,JOÃO HENRIQUE DE ANDRADE LIMA CAMPOS,gileade
141459,câmara,JOÃO MAIA,PR,RN,sim,depjoaomaia,NA,https://www.facebook.com/joao.maia.581,JOÃO DA SILVA MAIA,feito
112437,câmara,JOÃO MARCELO SOUZA,MDB,MA,não,NA,NA,https://www.facebook.com/deputadojoaomarcelo,JOÃO MARCELO SANTOS SOUZA,nazareno
204576,câmara,JOÃO ROMA,PRB,BA,sim,joaoromaneto,NA,NA,JOÃO INÁCIO RIBEIRO ROMA NETO,feito
178910,câmara,JOAQUIM PASSARINHO,PSD,PA,sim,joaquimpassarin,passarinho5555,https://www.facebook.com/joaquimpassarinhooficial,JOAQUIM PASSARINHO PINTO DE SOUZA PORTO,feito
204468,câmara,JOENIA WAPICHANA,REDE,RR,sim,joeniac,NA,NA,JOENIA BATISTA DE CARVALHO,feito
204546,câmara,JOICE HASSELMANN,PSL,SP,sim,joicehasselmann,NA,NA,JOICE CRISTINA HASSELMANN,feito
205550,câmara,JORGE BRAZ,PRB,RJ,sim,Jorge_Braz,NA,NA,JORGE BRAZ DE OLIVEIRA,feito
178857,câmara,JORGE SOLLA,PT,BA,sim,depjorgesolla,NA,https://www.facebook.com/depjorgesolla,JORGE JOSE SANTOS PEREIRA SOLLA,feito
141464,câmara,JOSÉ AIRTON FÉLIX CIRILO,PT,CE,sim,JoseAirtonPT,NA,https://www.facebook.com/Joseairtoncirilo,JOSÉ AIRTON FÉLIX CIRILO DA SILVA,feito
141470,câmara,JOSÉ GUIMARÃES,PT,CE,sim,guimaraes13PT,Dep_Guimaraes,https://www.facebook.com/DeputadoJoseGuimaraes,JOSÉ NOBRE GUIMARÃES,feito
204386,câmara,JOSE MARIO SCHREINER,DEM,GO,sim,SchreinerJose,NA,NA,JOSE MARIO SCHREINER,feito
204472,câmara,JOSÉ MEDEIROS,PODE,MT,sim,JoseMedeirosMT,NA,NA,JOSE ANTONIO DOS SANTOS MEDEIROS,feito
204391,câmara,JOSÉ NELTO,PODE,GO,sim,depjosenelto,NA,NA,JOSÉ NELTO LAGARES DAS MERCEZ,feito
160619,câmara,JOSÉ NUNES,PSD,BA,sim,JoseNunesDep,NA,https://www.facebook.com/deputadojosenunes,JOSÉ NUNES SOARES,feito
74079,câmara,JOSÉ PRIANTE,MDB,PA,sim,priante,NA,https://www.facebook.com/AgoraePriante,JOSÉ BENITO PRIANTE JÚNIOR,feito
204555,câmara,JOSÉ RICARDO,PT,AM,sim,ZeRicardoAM,NA,NA,JOSÉ RICARDO WENDLING,feito
74554,câmara,JOSÉ ROCHA,PR,BA,sim,joserocha_,NA,https://www.facebook.com/dep.joserocha,JOSÉ ALVES ROCHA,feito
74141,câmara,JOSIAS GOMES,PT,BA,sim,josiasgomesba,NA,https://www.facebook.com/josiasgomes1312,JOSIAS GOMES DA SILVA,feito
204563,câmara,JOSIMAR MARANHÃOZINHO,PR,MA,sim,josimarPR22,NA,NA,JOSIMAR CUNHA RODRIGUES,feito
204474,câmara,JUAREZ COSTA,MDB,MT,não,NA,NA,NA,JUAREZ ALVES DA COSTA,nazareno
204420,câmara,JULIAN LEMOS,PSL,PB,sim,JulianLemosopb1,NA,NA,GULLIEM CHARLES BEZERRA LEMOS,feito
74317,câmara,JÚLIO CESAR,PSD,PI,sim,DepJulioCesarPI,NA,https://www.facebook.com/depfederaljuliocesar,JÚLIO CÉSAR DE CARVALHO LIMA,feito
204372,câmara,JULIO CESAR RIBEIRO,PRB,DF,sim,JulioCesarRib,NA,NA,JULIO CESAR RIBEIRO,feito
73586,câmara,JÚLIO DELGADO,PSB,MG,sim,depjuliodelgado,NA,https://www.facebook.com/DeputadoJulioDelgado,JÚLIO CÉSAR DELGADO,feito
204457,câmara,JUNINHO DO PNEU,DEM,RJ,sim,JuninhodoPneu,NA,NA,ROGERIO TEIXEIRA JUNIOR,feito
204502,câmara,JÚNIOR BOZZELLA,PSL,SP,sim,juniorbozzella,NA,NA,NICOLINO BOZZELLA JUNIOR,feito
204497,câmara,JÚNIOR FERRARI,PSD,PA,não,NA,NA,https://www.facebook.com/juniorferrari5588/,JOÃO FERRARI JÚNIOR,gileade
204574,câmara,JUNIOR LOURENÇO,PR,MA,sim,junior_lourenco,NA,NA,JOSE LOURENÇO BONFIM JUNIOR,feito
204550,câmara,JÚNIOR MANO,PR,CE,sim,jrmano_,NA,NA,ANTÔNIO LUIZ RODRIGUES MANO JÚNIOR,feito
178886,câmara,JUSCELINO FILHO,DEM,MA,sim,DepJuscelino,NA,https://www.facebook.com/DepJuscelinoFilho,JOSE JUSCELINO DOS SANTOS REZENDE FILHO,feito
204536,câmara,KIM KATAGUIRI,DEM,SP,sim,kimpkat,NA,NA,KIM PATROCA KATAGUIRI,feito
151208,câmara,LAERCIO OLIVEIRA,PP,SE,sim,laerciofederal,NA,https://www.facebook.com/deputadolaerciooliveira,LAERCIO JOSÉ DE OLIVEIRA,feito
98057,câmara,LAFAYETTE DE ANDRADA,PRB,MG,sim,dep_lafayette,NA,NA,LAFAYETTE LUIZ DOORGAL DE ANDRADA,feito
160534,câmara,LAURIETE,PR,ES,sim,2010lauriete,laurietecantora,https://www.facebook.com/DeputadaFederalLauriete,LAURIETE RODRIGUES DE JESUS MALTA,feito
178832,câmara,LEANDRE,PV,PR,sim,Leandre4300,NA,https://www.facebook.com/LeandreOficial,LEANDRE DAL PONTE,feito
204375,câmara,LEDA SADALA,AVANTE,AP,sim,LedaSadala,NA,NA,LEDA MARIA SADALA BRITO,feito
204359,câmara,LÉO MORAES,PODE,RO,sim,dep_leomoraes,NA,NA,LEONARDO BARRETO DE MORAES,nazareno
204547,câmara,LÉO MOTTA,PSL,MG,não,NA,NA,https://www.facebook.com/leomottafederal/,ELIEL MÁRCIO DO CARMO,hadrizia
74156,câmara,LEONARDO MONTEIRO,PT,MG,sim,depleomonteiro,NA,https://www.facebook.com/depleomonteiro,JOSÉ LEONARDO COSTA MONTEIRO,feito
74299,câmara,LEÔNIDAS CRISTINO,PDT,CE,sim,leonidas9099,joseleonidas,https://www.facebook.com/Le%C3%B4nidas-Cristino-1271496449602306,JOSÉ LEÔNIDAS DE MENEZES CRISTINO,feito
92102,câmara,LEUR LOMANTO JÚNIOR,DEM,BA,sim,LeurLomantoJr,NA,NA,LEUR ANTONIO DE BRITTO LOMANTO JUNIOR,feito
139285,câmara,LÍDICE DA MATA,PSB,BA,sim,lidicedamata,NA,NA,LÍDICE DA MATA E SOUZA,feito
74585,câmara,LINCOLN PORTELA,PR,MG,sim,lincoln_portela,NA,https://www.facebook.com/deputadolincolnportela,LINCOLN DINIZ PORTELA,feito
204405,câmara,LIZIANE BAYER,PSB,RS,sim,LizianeBayer,NA,NA,LIZIANE BAYER DA COSTA,feito
204382,câmara,LOESTER TRUTIS,PSL,MS,sim,LTrutis,NA,NA,LOESTER CARLOS GOMES DE SOUZA,feito
196358,câmara,LOURIVAL GOMES,PSL,RJ,sim,lourivalgomesrj,NA,NA,LOURIVAL GOMES DE ALMEIDA,nazareno
204523,câmara,LUCAS GONZALEZ,NOVO,MG,sim,lucasvgonzalez,NA,NA,LUCAS DE VASCONCELOS GONZALEZ,feito
204404,câmara,LUCAS REDECKER,PSDB,RS,sim,LucasRedecker,NA,NA,LUCAS BELLO REDECKER,feito
178879,câmara,LUCAS VERGILIO,SOLIDARIEDADE,GO,sim,VergilioLucas77,NA,https://www.facebook.com/lucasvergilio7777,LUCAS DE CASTRO SANTOS,feito
74478,câmara,LUCIANO BIVAR,PSL,PE,sim,Bivar1717,NA,NA,LUCIANO CALDAS BIVAR,feito
178931,câmara,LUCIANO DUCCI,PSB,PR,sim,LucianoDucci,NA,https://www.facebook.com/LucianoDucci,LUCIANO DUCCI,feito
178954,câmara,LUCIO MOSQUINI,MDB,RO,sim,luciomosquini,NA,https://www.facebook.com/profile.php?id=100011438522684,LUCIO ANTONIO MOSQUINI,feito
204381,câmara,LUIS MIRANDA,DEM,DF,sim,LuisMirandaUSA1,NA,NA,LUIS CLAUDIO FERNANDES MIRANDA,feito
160510,câmara,LUIS TIBÉ,AVANTE,MG,sim,LuisTibeOficial,NA,https://www.facebook.com/luistibe,LUIS HENRIQUE DE OLIVEIRA RESENDE,feito
204410,câmara,LUISA CANZIANI,PTB,PR,sim,luisa_canziani,NA,NA,LUISA CANZIANI DOS SANTOS SILVEIRA,feito
204448,câmara,LUIZ ANTÔNIO CORRÊA,DC,RJ,sim,depluizantonio,NA,NA,LUIZ ANTONIO DA COSTA CARVALHO CORREA DA SILVA,feito
160645,câmara,LUIZ CARLOS,PSDB,AP,sim,depluizcarlos,NA,https://www.facebook.com/deputadoheinze,LUIZ CARLOS GOMES DOS SANTOS JUNIOR,feito
204485,câmara,LUIZ CARLOS MOTTA,PR,SP,sim,lcm_motta,NA,NA,LUIZ CARLOS MOTTA,feito
204543,câmara,LUIZ FLÁVIO GOMES,PSB,SP,sim,professorLFG,NA,NA,LUIZ FLAVIO GOMES,feito
204455,câmara,LUIZ LIMA,PSL,RJ,sim,Oficialluizlima,NA,NA,LUIZ EDUARDO CARNEIRO DA SILVA DE SOUZA LIMA,feito
162332,câmara,LUIZ NISHIMORI,PR,PR,sim,luiznishimori,NA,https://www.facebook.com/nishimoriluiz,LUIZ HILOSHI NISHIMORI,feito
204526,câmara,LUIZ PHILIPPE DE ORLEANS E BRAGANÇA,PSL,SP,sim,lpbragancabr,NA,NA,LUIZ PHILIPPE DE ORLEANS BRAGANÇA,nazareno
74784,câmara,LUIZA ERUNDINA,PSOL,SP,sim,luizaerundina,NA,https://www.facebook.com/luizaerundina4021,LUIZA ERUNDINA DE SOUSA,feito
178866,câmara,LUIZIANNE LINS,PT,CE,sim,Luizianne13PT,NA,https://www.facebook.com/deputadaluiziannelins,LUIZIANNE DE OLIVEIRA LINS,feito
166402,câmara,MAGDA MOFATTO,PR,GO,sim,Magdamofatto,NA,https://www.facebook.com/MagdaMofatto.Goias,MAGDA MOFATTO HON,feito
204458,câmara,MAJOR FABIANA,PSL,RJ,sim,majorfabiana46,NA,NA,FABIANA SILVA DE SOUZA,feito
179587,câmara,MAJOR VITOR HUGO,PSL,GO,sim,MajorVitorHugo,NA,NA,VITOR HUGO DE ARAUJO ALMEIDA,feito
204469,câmara,MANUEL MARCOS,PRB,AC,sim,ascomdrmanuel,NA,https://pt-br.facebook.com/VereadorManuelMarcos/,MANUEL MARCOS CARVALHO DE MESQUITA,feito
204471,câmara,MARA ROCHA,PSDB,AC,não,NA,NA,NA,CYLMARA FERNANDES DA ROCHA GRIPP,feito
156190,câmara,MARCEL VAN HATTEM,NOVO,RS,sim,marcelvanhattem,NA,NA,MARCEL VAN HATTEM,feito
179000,câmara,MARCELO ÁLVARO ANTÔNIO,PSL,MG,sim,Marceloalvaroan,NA,https://www.facebook.com/marceloalvaroantonio,MARCELO HENRIQUE TEIXEIRA DIAS,feito
146788,câmara,MARCELO ARO,PHS,MG,sim,marceloaro,NA,https://www.facebook.com/marceloaro,MARCELO GUILHERME DE ARO FERREIRA,feito
205863,câmara,MARCELO BRUM,PSL,RS,não,NA,NA,https://web.facebook.com/avozdocampo,MARCELO DE BRUM DA COSTA,feito
204433,câmara,MARCELO CALERO,PPS,RJ,sim,caleromarcelo,NA,NA,MARCELO CALERO FARIA GARCIA,feito
76874,câmara,MARCELO FREIXO,PSOL,RJ,sim,MarceloFreixo,NA,NA,MARCELO RIBEIRO FREIXO,feito
133810,câmara,MARCELO MORAES,PTB,RS,não,NA,NA,NA,MARCELO PIRES MORAES,feito
204558,câmara,MARCELO NILO,PSB,BA,sim,depmarcelonilo,NA,NA,JOSÉ MARCELO DO NASCIMENTO NILO,feito
204556,câmara,MARCELO RAMOS,PR,AM,sim,marceloramosam,NA,NA,MARCELO RAMOS RODRIGUES,feito
178983,câmara,MARCIO ALVINO,PR,SP,sim,AlvinoMarcio,NA,https://www.facebook.com/marcioalvino,MARCIO LUIZ ALVINO DE SOUZA,feito
179001,câmara,MÁRCIO BIOLCHI,MDB,RS,sim,marciobiolchi,NA,NA,MARCIO DELLA VALLE BIOLCHI,feito
81055,câmara,MÁRCIO JERRY,PCdoB,MA,sim,marciojerry,NA,NA,MÁRCIO JERRY SARAIVA BARROSO,feito
204452,câmara,MÁRCIO LABRE,PSL,RJ,sim,marciolabre,NA,NA,MÁRCIO DA SILVEIRA LABRE,feito
150418,câmara,MÁRCIO MARINHO,PRB,BA,sim,dpmarciomarinho,NA,https://www.facebook.com/marciomarinhopolitico,MÁRCIO CARLOS MARINHO,feito
204522,câmara,MARCO BERTAIOLLI,PSD,SP,sim,MarcoBertaiolli,NA,NA,MARCO AURELIO BERTAIOLLI,feito
160535,câmara,MARCON,PT,RS,sim,depmarcon,NA,https://www.facebook.com/Marcon-Deputado-730105823714253,DIONILSO MATEUS MARCON,feito
204431,câmara,MARCOS AURÉLIO SAMPAIO,MDB,PI,sim,MarcosA_Sampaio,NA,NA,MARCOS AURÉLIO  PÁDUA RIBEIRO GONÇALVES DE SAMPAIO,feito
204506,câmara,MARCOS PEREIRA,PRB,SP,sim,marcospereira04,NA,NA,MARCOS ANTONIO PEREIRA,feito
204430,câmara,MARGARETE COELHO,PP,PI,sim,MargaretCoelho,NA,NA,MARGARETE DE CASTRO COELHO,feito
171619,câmara,MARGARIDA SALOMÃO,PT,MG,sim,JFMargarida,NA,https://www.facebook.com/jfmargarida,MARIA MARGARIDA MARTINS SALOMÃO,feito
74398,câmara,MARIA DO ROSÁRIO,PT,RS,sim,mariadorosario,NA,https://www.facebook.com/DeputadaMariaDoRosario,MARIA DO ROSÁRIO NUNES,feito
204540,câmara,MARIA ROSAS,PRB,SP,sim,depmariarosas,NA,NA,MARIA DO PARTO MENDES ROSAS,feito
178956,câmara,MARIANA CARVALHO,PSDB,RO,sim,MarianaPSDB,DeputadaMariana,https://www.facebook.com/marianacarvalho45,MARIANA FONSECA RIBEIRO CARVALHO DE MORAES,feito
204428,câmara,MARÍLIA ARRAES,PT,PE,sim,MariliaArraes,NA,NA,MARÍLIA VALENÇA ROCHA ARRAES DE ALENCAR,feito
204432,câmara,MARINA SANTOS,SOLIDARIEDADE,PI,não,NA,NA,https://web.facebook.com/vamosjuntosrenovar,MARINA SANTOS BATISTA DIAS,feito
74158,câmara,MÁRIO HERINGER,PDT,MG,sim,mario_heringer,NA,https://www.facebook.com/mario.heringer,MÁRIO LÚCIO HERINGER,feito
178858,câmara,MÁRIO NEGROMONTE JR.,PP,BA,sim,depnegromontejr,NA,https://www.facebook.com/mario.negromontejunior,MARIO SILVIO MENDES NEGROMONTE JUNIOR,feito
204403,câmara,MARLON SANTOS,PDT,RS,sim,deputado_marlon,NA,https://pt-br.facebook.com/MarlonSantosCachoeira/,MARLON ARATOR SANTOS DA ROSA,feito
204566,câmara,MARRECA FILHO,PATRI,MA,sim,depmarrecafilho,NA,NA,ANTONIO DA CRUZ FILGUEIRA NETO,feito
178843,câmara,MARX BELTRÃO,PSD,AL,não,NA,NA,https://pt-br.facebook.com/MarxBeltrao/,MARX BELTRÃO LIMA SIQUEIRA,feito
75431,câmara,MAURÍCIO DZIEDRICKI,PTB,RS,sim,mauricioptbrs,NA,NA,MAURÍCIO ALEXANDRE DZIEDRICKI,feito
204486,câmara,MAURO BENEVIDES FILHO,PDT,CE,sim,deputadomaurobf,NA,https://www.facebook.com/maurobffilho/,CARLOS MAURO BENEVIDES FILHO,caio
74749,câmara,MAURO LOPES,MDB,MG,sim,depmaurolopes,NA,https://www.facebook.com/familiamaurolopes,MAURO RIBEIRO LOPES,feito
141508,câmara,MAURO NAZIF,PSB,RO,sim,drmauronazif,NA,https://www.facebook.com/maurorasul,MAURO NAZIF RASUL,feito
178985,câmara,MIGUEL LOMBARDI,PR,SP,sim,DMiguellombardi,NA,https://www.facebook.com/miguellombardi.deputadofederal,MIGUEL LOMBARDI,feito
154178,câmara,MILTON VIEIRA,PRB,SP,sim,DepMiltonVieira,NA,NA,MILTON VIEIRA PINTO,feito
178895,câmara,MISAEL VARELLA,PSD,MG,não,NA,NA,https://www.facebook.com/deputadomisaelvarella,MISAEL ARTUR FERREIRA VARELLA,nazareno
178997,câmara,MOSES RODRIGUES,MDB,CE,sim,depfederalmoses,NA,https://www.facebook.com/MosesRodriguess,MOSES HAENDEL MELO RODRIGUES,feito
204453,câmara,NATÁLIA BONAVIDES,PT,RN,sim,natbonavides,NA,NA,NATÁLIA BASTOS BONAVIDES,feito
204449,câmara,NELSON BARBUDO,PSL,MT,não,NA,NA,https://pt-br.facebook.com/pg/onelsonbarbudo,NELSON NED PREVIDENTE,feito
74571,câmara,NELSON PELLEGRINO,PT,BA,sim,nelsonpelegrino,NA,https://www.facebook.com/nelsonpelegrino,NELSON VICENTE PORTELA PELLEGRINO,feito
204415,câmara,NEREU CRISPIM,PSL,RS,sim,nereucrispim,NA,NA,NEREU CRISPIM,feito
146307,câmara,NERI GELLER,PP,MT,sim,NeriGeller,NA,https://www.facebook.com/neri.geller,NERI GELLER,feito
178896,câmara,NEWTON CARDOSO JR,MDB,MG,sim,newton1510,NA,https://www.facebook.com/NewtonCardosoJr,NEWTON CARDOSO JUNIOR,feito
204384,câmara,NEY LEPREVOST,PSD,PR,sim,neyleprevost,NA,NA,NEY LEPREVOST NETO,feito
204479,câmara,NICOLETTI,PSL,RR,não,NA,NA,NA,ANTONIO CARLOS NICOLETTI,caio
74352,câmara,NILSON PINTO,PSDB,PA,sim,DepNilsonPinto,NA,https://www.facebook.com/Nilson-Pinto-354764524584734,NILSON PINTO DE OLIVEIRA,feito
178986,câmara,NILTO TATTO,PT,SP,sim,NiltoTatto,NA,https://www.facebook.com/niltotattosp,NILTO IGNACIO TATTO,feito
194260,câmara,NIVALDO ALBUQUERQUE,PTB,AL,sim,NivaldoAlbuque,NA,https://www.facebook.com/deputadonivaldoalbuquerque,NIVALDO FERREIRA DE ALBUQUERQUE NETO,feito
66179,câmara,NORMA AYUB,DEM,ES,não,NA,NA,https://www.facebook.com/DeputadaNormaAyubAlves,NORMA AYUB ALVES,nazareno
74159,câmara,ODAIR CUNHA,PT,MG,sim,odaircunha_,NA,NA,ODAIR JOSÉ DA CUNHA,feito
204498,câmara,OLIVAL MARQUES,DEM,PA,sim,OLIVALMARQUES,NA,NA,OLIVAL HENRIQUE MARQUES DE SOUZA,feito
74399,câmara,ONYX LORENZONI,DEM,RS,sim,onyxlorenzoni,NA,https://www.facebook.com/onyx.lorenzoni,ONYX DORNELLES LORENZONI,feito
178987,câmara,ORLANDO SILVA,PCdoB,SP,sim,orlandosilva,NA,https://www.facebook.com/orlandosilvasp,ORLANDO SILVA DE JESUS JUNIOR,feito
204363,câmara,OSIRES DAMASO,PSC,TO,sim,Damaso2020,NA,NA,OSIRES RODRIGUES DAMASO,feito
73692,câmara,OSMAR TERRA,MDB,RS,sim,osmarterra,OsmarTerra,https://www.facebook.com/DeputadoOsmarTerra,OSMAR GASPARINI TERRA,feito
204422,câmara,OSSESIO SILVA,PRB,PE,sim,Ossesio_Silva,NA,NA,OSSESIO JOSE DA SILVA,feito
204475,câmara,OTACI NASCIMENTO,SOLIDARIEDADE,RR,não,NA,NA,https://www.facebook.com/otacinascimento/,JOSE OTACI BARROSO DO NASCIMENTO,gileade
204441,câmara,OTONI DE PAULA,PSC,RJ,sim,OtoniDepFederal,NA,NA,OTONI MOURA DE PAULO JUNIOR,feito
204573,câmara,OTTO ALENCAR FILHO,PSD,BA,sim,ottoalencarfilh,NA,https://pt-br.facebook.com/otto.filho.oficial/,OTTO ROBERTO MENDONÇA DE ALENCAR FILHO,feito
160556,câmara,PADRE JOÃO,PT,MG,sim,dep_padrejoao,NA,https://www.facebook.com/padrejoao,JOÃO CARLOS SIQUEIRA,feito
160642,câmara,PASTOR EURICO,PATRI,PE,sim,pastoreurico,NA,https://www.facebook.com/deputadopastoreurico,FRANCISCO EURICO DA SILVA,feito
204570,câmara,PASTOR GILDENEMYR,PMN,MA,sim,DGildenemyr,NA,NA,GILDENEMIR DE LIMA SOUSA,feito
204553,câmara,PASTOR SARGENTO ISIDÓRIO,AVANTE,BA,sim,sgtisidorio,NA,NA,MANOEL ISIDORIO DE SANTANA JUNIOR,feito
205535,câmara,PATRICIA FERRAZ,PR,AP,sim,patricialferraz,NA,https://pt-br.facebook.com/drapatriciaferraz/,PATRICIA LIMA FERRAZ,feito
74160,câmara,PATRUS ANANIAS,PT,MG,sim,Patrus_Ananias,NA,https://www.facebook.com/patrusananias13,PATRUS ANANIAS DE SOUSA,feito
204377,câmara,PAULA BELMONTE,PPS,DF,sim,paulambelmonte,NA,NA,PAULA MORENO PARO BELMONTE,feito
171617,câmara,PAULÃO,PT,AL,sim,paulaodopt,NA,https://www.facebook.com/paulaodopt,PAULO FERNANDO DOS SANTOS,feito
141516,câmara,PAULO ABI-ACKEL,PSDB,MG,sim,pauloabiackel,NA,https://www.facebook.com/abiackelpaulo,PAULO ABI-ACKEL,feito
178860,câmara,PAULO AZI,DEM,BA,sim,pauloazi,NA,https://www.facebook.com/galera.2526,PAULO VELLOSO DANTAS AZI,feito
204538,câmara,PAULO BENGTSON,PTB,PA,sim,PauloBengtson,NA,NA,PAULO EDUARDO MAESTRI BENGTSON,feito
193726,câmara,PAULO EDUARDO MARTINS,PSC,PR,sim,PauloMartins10,NA,NA,PAULO EDUARDO LIMA MARTINS,feito
160517,câmara,PAULO FOLETTO,PSB,ES,sim,DeputadoFoletto,NA,https://www.facebook.com/PauloFoletto,PAULO ROBERTO FOLETTO,feito
160558,câmara,PAULO FREIRE COSTA,PR,SP,sim,DF_PauloFreire,NA,https://www.facebook.com/dep.paulofreire,PAULO ROBERTO FREIRE DA COSTA,feito
204461,câmara,PAULO GANIME,NOVO,RJ,sim,pauloganime,NA,NA,PAULO GUSTAVO GANIME ALVES TEIXEIRA,feito
204492,câmara,PAULO GUEDES,PT,MG,sim,deppauloguedes,NA,NA,PAULO JOSE CARLOS GUEDES,feito
141518,câmara,PAULO PEREIRA DA SILVA,SOLIDARIEDADE,SP,sim,dep_paulinho,NA,https://www.facebook.com/paulinho.face,PAULO PEREIRA DA SILVA,feito
74400,câmara,PAULO PIMENTA,PT,RS,sim,deputadofederal,DeputadoFederal,https://www.facebook.com/perfil.pimenta,PAULO ROBERTO SEVERO PIMENTA,feito
133968,câmara,PAULO RAMOS,PDT,RJ,sim,pauloramosdep,NA,https://web.facebook.com/comissaodetrabalho.daalerj,PAULO SÉRGIO RAMOS BARBOZA,feito
141488,câmara,PAULO TEIXEIRA,PT,SP,sim,pauloteixeira13,NA,https://www.facebook.com/DeputadoPauloTeixeira,LUIZ PAULO TEIXEIRA FERREIRA,feito
90201,câmara,PEDRO AUGUSTO BEZERRA,PTB,CE,não,NA,NA,NA,PEDRO AUGUSTO GEROMEL BEZERRA DE MENEZES,feito
178912,câmara,PEDRO CUNHA LIMA,PSDB,PB,sim,pedroocl,NA,https://www.facebook.com/pedrocloficial,PEDRO OLIVEIRA CUNHA LIMA,feito
122974,câmara,PEDRO LUCAS FERNANDES,PTB,MA,não,NA,NA,NA,PEDRO LUCAS ANDRADE FERNANDES RIBEIRO,tarciso
204395,câmara,PEDRO LUPION,DEM,PR,sim,Dep_PedroLupion,NA,NA,PEDRO DEBONI LUPION MELLO,feito
122158,câmara,PEDRO PAULO,DEM,RJ,sim,pedropaulo,NA,https://www.facebook.com/rio.pedropaulo,PEDRO PAULO CARVALHO TEIXEIRA,feito
160604,câmara,PEDRO UCZAI,PT,SC,sim,uczai,NA,https://www.facebook.com/PedroUczai,PEDRO FRANCISCO UCZAI,feito
204406,câmara,PEDRO WESTPHALEN,PP,RS,sim,pedrowestphalen,NA,NA,PEDRO BANDARRA WESTPHALEN,feito
73943,câmara,PERPÉTUA ALMEIDA,PCdoB,AC,sim,perpetua_acre,NA,NA,MARIA PERPÉTUA DE ALMEIDA,feito
204524,câmara,PINHEIRINHO,PP,MG,não,NA,NA,NA,ANTÔNIO PINHEIRO NETO,italo
204529,câmara,POLICIAL KATIA SASTRE,PR,SP,sim,katiasastre,NA,NA,KATIA DA SILVA SASTRE,nazareno
73486,câmara,POMPEO DE MATTOS,PDT,RS,sim,PompeodeMattos,NA,https://www.facebook.com/pompeodemattosPDT,DARCI POMPEO DE MATTOS,feito
160601,câmara,PR. MARCO FELICIANO,PODE,SP,sim,marcofeliciano,NA,https://www.facebook.com/PastorMarcoFeliciano,MARCO ANTÔNIO FELICIANO,feito
204390,câmara,PROFESSOR ALCIDES,PP,GO,não,NA,NA,NA,ALCIDES RIBEIRO FILHO,nazareno
204383,câmara,PROFESSOR ISRAEL BATISTA,PV,DF,sim,ProfIsrael,NA,NA,ISRAEL MATOS BATISTA,feito
204446,câmara,PROFESSOR JOZIEL,PSL,RJ,sim,professorjoziel,NA,NA,JOZIEL FERREIRA CARLOS,feito
204418,câmara,PROFESSOR LUIZÃO GOULART,PRB,PR,sim,luizaogoulart,NA,http://facebook.com/vamosluizao,LUIZ GOULARTE ALVES,feito
204565,câmara,PROFESSORA DAYANE PIMENTEL,PSL,BA,sim,deppimentel,NA,NA,DAYANE JAMILLE CARNEIRO DOS SANTOS PIMENTEL,feito
160639,câmara,PROFESSORA DORINHA SEABRA REZENDE,DEM,TO,sim,profdorinha,NA,https://www.facebook.com/profile.php?id=100002237710131,MARIA AUXILIADORA SEABRA REZENDE,feito
160641,câmara,PROFESSORA MARCIVANIA,PCdoB,AP,sim,marcivania65,NA,https://www.facebook.com/professoramarcivania65,MARCIVANIA DO SOCORRO DA ROCHA FLEXA,feito
204467,câmara,PROFESSORA ROSA NEIDE,PT,MT,sim,profdorinha,NA,NA,ROSA NEIDE SANDES DE ALMEIDA,feito
178951,câmara,RAFAEL MOTTA,PSB,RN,sim,RafaelMottaRN,NA,https://www.facebook.com/rafaelmottarn,RAFAEL HUETE DA MOTTA,feito
204567,câmara,RAIMUNDO COSTA,PRP,BA,não,NA,NA,NA,RAIMUNDO MAGALHÃES COSTA,tarciso
141523,câmara,RAUL HENRY,MDB,PE,sim,RaulHenry,NA,https://www.facebook.com/RaulHenryPE,RAUL JEAN LOUIS HENRY JÚNIOR,feito
74161,câmara,REGINALDO LOPES,PT,MG,sim,ReginaldoLopes,NA,https://www.facebook.com/ReginaldoLopesOficial,REGINALDO LÁZARO DE OLIVEIRA LOPES,feito
205865,câmara,REINHOLD STEPHANES JUNIOR,PSD,PR,não,NA,NA,NA,REINHOLD STEPHANES JUNIOR,tarciso
178925,câmara,REJANE DIAS,PT,PI,sim,rejane_dias,NA,NA,REJANE RIBEIRO SOUSA DIAS,feito
178989,câmara,RENATA ABREU,PODE,SP,sim,RenataAbreuDep,NA,https://www.facebook.com/renataabreu19,RENATA HELLMEISTER DE ABREU,feito
73801,câmara,RENILDO CALHEIROS,PCdoB,PE,sim,renildo,NA,NA,RENILDO VASCONCELOS CALHEIROS,feito
73788,câmara,RICARDO BARROS,PP,PR,sim,RicardoBarrosPP,NA,NA,RICARDO JOSÉ MAGALHÃES BARROS,feito
204362,câmara,RICARDO GUIDI,PSD,SC,sim,ricardozguidi,NA,NA,RICARDO ZANATTA GUIDI,tarciso
160655,câmara,RICARDO IZAR,PP,SP,sim,RicardoIzar,NA,https://www.facebook.com/ricardoizaroficial,RICARDO IZAR JUNIOR,feito
178920,câmara,RICARDO TEOBALDO,PODE,PE,sim,psdbricardo45,NA,http://www.facebook.com/ricardoteobaldooficial,RICARDO TEOBALDO CAVALCANTI,feito
204489,câmara,ROBÉRIO MONTEIRO,PDT,CE,não,NA,NA,https://web.facebook.com/people/Rob%C3%A9rio-Monteiro-III/100004363395617,MARCOS ROBERIO RIBEIRO MONTEIRO,feito
152610,câmara,ROBERTO ALVES,PRB,SP,sim,RobertoAlvesPRB,NA,https://www.facebook.com/RobertoAlvesPRB,BENEDITO ROBERTO ALVES FERREIRA,feito
160653,câmara,ROBERTO DE LUCENA,PODE,SP,sim,robertodelucena,NA,https://www.facebook.com/dep.lucena,ROBERTO ALVES DE LUCENA,feito
74305,câmara,ROBERTO PESSOA,PSDB,CE,sim,RobertoPessoaCE,NA,NA,ROBERTO SOARES PESSOA,feito
204530,câmara,RODRIGO AGOSTINHO,PSB,SP,sim,rodrigoagost,NA,NA,RODRIGO ANTONIO DE AGOSTINHO MENDONÇA,feito
204366,câmara,RODRIGO COELHO,PSB,SC,sim,coelho_rodrigo,NA,NA,RODRIGO COELHO,feito
141531,câmara,RODRIGO DE CASTRO,PSDB,MG,sim,RodrigoCastro45,NA,https://www.facebook.com/rodrigodecastro45,RODRIGO BATISTA DE CASTRO,feito
74693,câmara,RODRIGO MAIA,DEM,RJ,sim,DepRodrigomaia,RodrigoMaia,https://www.facebook.com/RodrigoMaiaRJ,RODRIGO FELINTO IBARRA EPITÁCIO MAIA,feito
204480,câmara,ROGÉRIO CORREIA,PT,MG,sim,RogerioCorreia_,NA,NA,ROGÉRIO CORREIA DE MOURA BAPTISTA,feito
160651,câmara,ROGÉRIO PENINHA MENDONÇA,MDB,SC,sim,deputadopeninha,NA,https://www.facebook.com/deputadopeninha,ROGÉRIO MENDONÇA,feito
178861,câmara,RONALDO CARLETTO,PP,BA,sim,ronaldocarletto,NA,https://www.facebook.com/RonaldoCarlettoOficial,RONALDO CARLETTO,feito
204525,câmara,ROSANA VALLE,PSB,SP,sim,RosanaValle40,NA,NA,ROSANA DE OLIVEIRA VALLE,tarciso
178945,câmara,ROSANGELA GOMES,PRB,RJ,sim,rosangelasgomes,NA,https://www.facebook.com/deputadarosangelagomes,ROSANGELA DE SOUZA GOMES,feito
204357,câmara,ROSE MODESTO,PSDB,MS,sim,rosemodestoms,NA,NA,ROSIANE MODESTO  DE OLIVEIRA,feito
73466,câmara,RUBENS BUENO,PPS,PR,sim,rubensbuenopps,NA,https://www.facebook.com/rubensbuenopps,RUBENS BUENO,feito
74371,câmara,RUBENS OTONI,PT,GO,sim,RubensOtoni,NA,https://www.facebook.com/rubensotoni,RUBENS OTONI GOMIDE,feito
178887,câmara,RUBENS PEREIRA JÚNIOR,PCdoB,MA,sim,rubenspereirajr,NA,https://www.facebook.com/Deprubenspereirajr,RUBENS PEREIRA E SILVA JUNIOR,feito
73604,câmara,RUI FALCÃO,PT,SP,sim,rfalcao13,NA,NA,RUI GOETHE DA COSTA FALCÃO,feito
160635,câmara,RUY CARNEIRO,PSDB,PB,sim,depruycarneiro,NA,https://www.facebook.com/depruycarneiro,RUY MANUEL CARNEIRO BARBOSA DE ACA BELCHIOR,feito
204535,câmara,SÂMIA BOMFIM,PSOL,SP,sim,samiabomfim,NA,NA,SAMIA DE SOUZA BOMFIM,feito
178990,câmara,SAMUEL MOREIRA,PSDB,SP,sim,samuelmoreira,NA,NA,SAMUEL MOREIRA DA SILVA JUNIOR,feito
160621,câmara,SANDRO ALEX,PSD,PR,sim,SandroAlex2323,SandroAlex5555,https://www.facebook.com/sandro.alex.5492,SANDRO ALEX CRUZ DE OLIVEIRA,feito
90842,câmara,SANTINI,PTB,RS,sim,dep_santini,NA,NA,RONALDO SANTINI,tarciso
204387,câmara,SARGENTO FAHUR,PSD,PR,sim,SargentoFAHUR,NA,NA,GILSON CARDOSO FAHUR,feito
204399,câmara,SCHIAVINATO,PP,PR,sim,Schiavinato_,NA,NA,JOSE CARLOS SCHIAVINATO,feito
178921,câmara,SEBASTIÃO OLIVEIRA,PR,PE,sim,Seba_Oliveira,NA,NA,SEBASTIAO IGNACIO DE OLIVEIRA JUNIOR,tarciso
73808,câmara,SÉRGIO BRITO,PSD,BA,sim,sergiobritoBA,NA,https://www.facebook.com/depfederalsergiobrito,SÉRGIO LUÍS LACERDA BRITO,nazareno
178933,câmara,SERGIO SOUZA,MDB,PR,sim,_sergiosouza,NA,https://www.facebook.com/sergiosouzaPR,SERGIO DE SOUZA,feito
204438,câmara,SERGIO TOLEDO,PR,AL,sim,depsergiotoledo,NA,NA,SERGIO TOLEDO DE ALBUQUERQUE,feito
178874,câmara,SERGIO VIDIGAL,PDT,ES,sim,vidigalsergio,NA,https://www.facebook.com/vidigalsergio,ANTONIO SERGIO ALVES VIDIGAL,feito
204437,câmara,SEVERINO PESSOA,PRB,AL,não,NA,NA,NA,SEVERINO DE LIRA PESSÔA,tarciso
178961,câmara,SHÉRIDAN,PSDB,RR,sim,depsheridan,NA,https://www.facebook.com/deputadasheridan,SHÉRIDAN ESTÉRFANY OLIVEIRA,feito
204557,câmara,SIDNEY LEITE,PSD,AM,sim,sidneyleite_,NA,NA,SIDNEY RICARDO DE OLIVEIRA LEITE,feito
74356,câmara,SILAS CÂMARA,PRB,AM,sim,SilasCamaraAM‏,silascamara_,https://www.facebook.com/DepSilas,SILAS CÂMARA,feito
204360,câmara,SILVIA CRISTINA,PDT,RO,não,NA,NA,NA,SILVIA CRISTINA AMANCIO CHAGAS,tarciso
204425,câmara,SILVIO COSTA FILHO,PRB,PE,sim,Silvio_CFilho,NA,NA,SILVIO SERAFIM COSTA FILHO,feito
178946,câmara,SORAYA SANTOS,PR,RJ,sim,sorayasantos,NA,https://www.facebook.com/deputadocarlosandrade,SORAYA ALENCAR DOS SANTOS,feito
178947,câmara,SÓSTENES CAVALCANTE,DEM,RJ,sim,DepSostenes,NA,https://www.facebook.com/sostenescavalcante,SOSTENES SILVA CAVALCANTE,feito
92776,câmara,STEFANO AGUIAR,PSD,MG,sim,depstefano,NA,https://www.facebook.com/PastorStefanoAguiar,STEFANO AGUIAR DOS SANTOS,feito
177282,câmara,SUBTENENTE GONZAGA,PDT,MG,sim,SubGonzagaMG,NA,https://www.facebook.com/Deputado-Subtenente-Gonzaga-446410602056683,LUIZ GONZAGA RIBEIRO,feito
204534,câmara,TABATA AMARAL,PDT,SP,sim,tabataamaralsp,NA,NA,TABATA CLAUDIA AMARAL DE PONTES,feito
178922,câmara,TADEU ALENCAR,PSB,PE,não,NA,NA,https://www.facebook.com/TadeuAlencar4020,FRANCISCO TADEU BARBOSA DE ALENCAR,nazareno
204464,câmara,TALÍRIA PETRONE,PSOL,RJ,sim,taliriapetrone,NA,NA,TALIRIA PETRONE SOARES,feito
206231,câmara,TED CONTI,PSB,ES,não,NA,NA,https://www.facebook.com/tedcontideputado/,JOÃO BATISTA CONTI,gileade
178901,câmara,TEREZA CRISTINA,DEM,MS,sim,TerezaCrisMS,NA,https://www.facebook.com/terezacristinams,TEREZA CRISTINA CORREA DA COSTA DIAS,feito
204466,câmara,TEREZA NELMA,PSDB,AL,sim,TerezaNelma_,NA,NA,TEREZA NELMA DA SILVA PORTO VIANA SOARES,feito
143084,câmara,TIAGO DIMAS,SOLIDARIEDADE,TO,sim,tiago_dimas,NA,NA,TIAGO BRAGA PEREIRA,feito
204519,câmara,TIAGO MITRAUD,NOVO,MG,sim,TiagoMitraud,NA,NA,TIAGO LIMA MITRAUD DE CASTRO LEITE,feito
160976,câmara,TIRIRICA,PR,SP,sim,tiriricanaweb,NA,https://www.facebook.com/tiriricanaweb,FRANCISCO EVERARDO OLIVEIRA SILVA,feito
197438,câmara,TITO,AVANTE,BA,não,NA,NA,NA,CARLOS TITO MARQUES CORDEIRO,caio
178934,câmara,TONINHO WANDSCHEER,PROS,PR,sim,deputadotoninho,NA,https://www.facebook.com/DeputadoToninhoWandscheer,ANTONIO WANDSCHEER,feito
157130,câmara,TÚLIO GADÊLHA,PDT,PE,sim,tuliogadelha,NA,NA,TÚLIO GADÊLHA SALES DE MELO,feito
204416,câmara,UBIRATAN SANDERSON,PSL,RS,sim,SandersonPF,NA,NA,UBIRATAN ANTUNES SANDERSON,feito
178863,câmara,ULDURICO JUNIOR,PPL,BA,sim,ulduricopinto,NA,https://www.facebook.com/ulduricojunior,ULDURICO ALENCAR PINTO,feito
195866,câmara,VAIDON OLIVEIRA,PROS,CE,sim,VaidonOliveira,NA,https://www.facebook.com/deputadofederalvaidon.oliveira,FRANCISCO VAIDON OLIVEIRA,feito
204385,câmara,VALDEVAN NOVENTA,PSC,SE,sim,dep_fed_noventa,NA,NA,JOSE VALDEVAM DE JESUS SANTOS,feito
160610,câmara,VALMIR ASSUNÇÃO,PT,BA,sim,falavalmir,DepValmir,https://www.facebook.com/falavalmir,VALMIR CARLOS DA ASSUNÇÃO,feito
74376,câmara,VANDER LOUBET,PT,MS,sim,vanderloubet,NA,https://www.facebook.com/vanderfazmais,VANDER LUIZ DOS SANTOS LOUBET,feito
141553,câmara,VANDERLEI MACRIS,PSDB,SP,sim,vanderleimacris,NA,https://www.facebook.com/deputadovanderleimacris,VANDERLEI MACRIS,feito
204505,câmara,VAVÁ MARTINS,PRB,PA,sim,VavaMartins,NA,NA,WAGNER BACH MARTINS,tarciso
204396,câmara,VERMELHO,PSD,PR,não,NA,NA,https://web.facebook.com/vermelho5577,NELSI COGUETTO MARIA,feito
74283,câmara,VICENTINHO,PT,SP,sim,VICENTINHOPT,NA,https://www.facebook.com/DeputadoFederalVicentinho,VICENTE PAULO DA SILVA,feito
137070,câmara,VICENTINHO JÚNIOR,PR,TO,sim,vicentinhojr,NA,https://www.facebook.com/VicentinhoJr,VICENTE ALVES DE OLIVEIRA JUNIOR,feito
204483,câmara,VILSON DA FETAEMG,PSB,MG,não,NA,NA,NA,VILSON LUIZ DA SILVA,tarciso
141555,câmara,VINICIUS CARVALHO,PRB,SP,sim,falecomvinicius,NA,https://www.facebook.com/viniciuscarvalhooficial,VINICIUS RAPOZO DE CARVALHO,feito
204478,câmara,VINICIUS FARAH,MDB,RJ,sim,Vinicius_Farah,NA,NA,VINICIUS MEDEIROS FARAH,feito
160591,câmara,VINICIUS GURGEL,PR,AP,sim,vinicius2828,NA,https://www.facebook.com/deputadoviniciusgurgel,VINICIUS DE AZEVEDO GURGEL,feito
204532,câmara,VINICIUS POIT,NOVO,SP,sim,ViniciusPoit,NA,NA,VINICIUS LAZZER POIT,feito
178992,câmara,VITOR LIPPI,PSDB,SP,sim,DepVitorLippi,vitorlippi4510,https://www.facebook.com/vitorlippi,VITOR LIPPI,feito
204443,câmara,WAGNER MONTES,PRB,RJ,sim,depwagnermontes,NA,NA,WAGNER MONTES DOS SANTOS,feito
160569,câmara,WALDENOR PEREIRA,PT,BA,sim,waldenorpereira,NA,https://www.facebook.com/deputadowaldenorpereira,WALDENOR ALVES PEREIRA FILHO,feito
178952,câmara,WALTER ALVES,MDB,RN,sim,WalterAlvesRN,NA,https://www.facebook.com/WalterAlvesRN1,WALTER PEREIRA ALVES,feito
160518,câmara,WELITON PRADO,PROS,MG,sim,pradoweliton,NA,https://www.facebook.com/WelitonPrado,WELITON FERNANDES PRADO,feito
74043,câmara,WELLINGTON ROBERTO,PR,PB,sim,wr22,NA,https://www.facebook.com/depwellingtonroberto,JOSÉ WELLINGTON ROBERTO,feito
74044,câmara,WILSON SANTIAGO,PTB,PB,sim,WilsonSantiago_,NA,NA,JOSÉ WILSON SANTIAGO,feito
204463,câmara,WLADIMIR GAROTINHO,PRP,RJ,sim,WladGarotinho,NA,NA,WLADIMIR BARROS ASSED MATHEUS DE OLIVEIRA,feito
74439,câmara,WOLNEY QUEIROZ,PDT,PE,sim,WolneyQueirozM,NA,https://www.facebook.com/wolneyqueirozpe,WOLNEY QUEIROZ MACIEL,feito
178889,câmara,ZÉ CARLOS,PT,MA,sim,Dep_ZeCarlosPT,NA,https://www.facebook.com/DepZeCarlosPT,JOSÉ CARLOS NUNES JÚNIOR,feito
204559,câmara,ZÉ NETO,PT,BA,sim,depzeneto,NA,NA,JOSÉ CERQUEIRA DE SANTANA NETO,feito
160632,câmara,ZÉ SILVA,SOLIDARIEDADE,MG,sim,ZeSilva_,NA,https://www.facebook.com/deputadofederalzesilva,JOSÉ SILVA SOARES,feito
204517,câmara,ZÉ VITOR,PMN,MG,não,NA,NA,https://www.facebook.com/zevitorMG/,JOSE VITOR DE RESENDE AGUIAR,gileade
160592,câmara,ZECA DIRCEU,PT,PR,sim,zeca_dirceu,NA,https://www.facebook.com/deputadofederalzecadirceu,JOSÉ CARLOS BECKER DE OLIVEIRA E SILVA,feito
4981,senado,ACIR GURGACZ,PDT,RO,sim,acirgurgacz,NA,NA,ACIR GURGACZ,feito
5982,senado,ALESSANDRO VIEIRA,PPS,SE,sim,sen_alessandro,NA,NA,ALESSANDRO VIEIRA,feito
945,senado,ALVARO DIAS,PODE,PR,sim,alvarodias_,NA,NA,ALVARO DIAS,feito
5967,senado,ANGELO CORONEL,PSD,BA,sim,angelocoronel_,NA,NA,ANGELO CORONEL,feito
5529,senado,ANTONIO ANASTASIA,PSDB,MG,sim,Anastasia,NA,NA,ANTONIO ANASTASIA,feito
751,senado,AROLDE DE OLIVEIRA,PSD,RJ,sim,AroldeOliveira,NA,NA,AROLDE DE OLIVEIRA,feito
5990,senado,CARLOS VIANA,PSD,MG,sim,carlosaviana,NA,NA,CARLOS VIANA,feito
470,senado,CHICO RODRIGUES,DEM,RR,não,NA,NA,https://www.facebook.com/chicorodriguesrr/,CHICO RODRIGUES,feito
5973,senado,CID GOMES,PDT,CE,sim,cidfgomes,NA,NA,CID GOMES,nazareno
739,senado,CIRO NOGUEIRA,PP,PI,sim,ciro_nogueira,NA,NA,CIRO NOGUEIRA,feito
475,senado,CONFÚCIO MOURA,MDB,RO,sim,confuciomoura,NA,NA,CONFÚCIO MOURA,feito
5998,senado,DANIELLA RIBEIRO,PP,PB,sim,soudaniella111,NA,NA,DANIELLA RIBEIRO,feito
5537,senado,DÁRIO BERGER,MDB,SC,sim,darioberger,NA,NA,DÁRIO BERGER,feito
3830,senado,DAVI ALCOLUMBRE,DEM,AP,sim,davialcolumbre,NA,NA,DAVI ALCOLUMBRE,feito
4994,senado,EDUARDO BRAGA,MDB,AM,sim,EduardoBraga_AM,NA,https://www.facebook.com/EduardoBraga15/,EDUARDO BRAGA,feito
5976,senado,EDUARDO GIRÃO,PODE,CE,sim,EduGiraoOficial,NA,NA,EDUARDO GIRÃO,feito
3777,senado,EDUARDO GOMES,MDB,TO,sim,EduardoGomesTO,NA,NA,EDUARDO GOMES,feito
5718,senado,ELIZIANE GAMA,PPS,MA,sim,elizianegama,NA,NA,ELIZIANE GAMA,feito
5531,senado,ELMANO FÉRRER,PODE,PI,sim,elmanoferrer,NA,NA,ELMANO FÉRRER,feito
22,senado,ESPERIDIÃO AMIN,PP,SC,sim,esperidiaoamin_,NA,NA,ESPERIDIÃO AMIN,feito
5953,senado,FABIANO CONTARATO,REDE,ES,sim,ContaratoSenado,NA,NA,FABIANO CONTARATO,feito
5540,senado,FERNANDO BEZERRA COELHO,MDB,PE,sim,fbezerracoelho,NA,NA,FERNANDO BEZERRA COELHO,feito
4525,senado,FERNANDO COLLOR,PROS,AL,sim,Collor,NA,NA,FERNANDO COLLOR,feito
345,senado,FLÁVIO ARNS,REDE,PR,sim,ArnsFlavio,NA,https://www.facebook.com/flavioarns/,FLÁVIO ARNS,feito
5894,senado,FLÁVIO BOLSONARO,PSL,RJ,sim,FlavioBolsonaro,NA,NA,FLÁVIO BOLSONARO,feito
5008,senado,HUMBERTO COSTA,PT,PE,sim,senadorhumberto,NA,NA,HUMBERTO COSTA,feito
5385,senado,IRAJÁ,PSD,TO,sim,iraja555,NA,NA,IRAJÁ,feito
4770,senado,IZALCI LUCAS,PSDB,DF,sim,IzalciLucas,NA,https://www.facebook.com/izalci/,IZALCI LUCAS,feito
35,senado,JADER BARBALHO,MDB,PA,sim,jader_barbalho,NA,NA,JADER BARBALHO,feito
581,senado,JAQUES WAGNER,PT,BA,sim,jaqueswagner,NA,NA,JAQUES WAGNER,feito
4545,senado,JARBAS VASCONCELOS,MDB,PE,sim,Jarbas156,NA,NA,JARBAS VASCONCELOS,feito
4531,senado,JAYME CAMPOS,DEM,MT,não,NA,NA,https://www.facebook.com/jayme.campos/,JAYME CAMPOS,feito
5627,senado,JEAN PAUL PRATES,PT,RN,sim,jpprates,NA,NA,JEAN PAUL PRATES,feito
5895,senado,JORGE KAJURU,PSB,GO,sim,SenadorKajuru,NA,https://www.facebook.com/kajurugoias/,JORGE KAJURU,feito
5350,senado,JORGINHO MELLO,PR,SC,sim,jorginhomello,NA,NA,JORGINHO MELLO,feito
3361,senado,JOSÉ MARANHÃO,MDB,PB,sim,josemaranhaopb,NA,NA,JOSÉ MARANHÃO,feito
90,senado,JOSÉ SERRA,PSDB,SP,sim,joseserra_,NA,NA,JOSÉ SERRA,feito
1249,senado,KÁTIA ABREU,PDT,TO,sim,KatiaAbreu,NA,NA,KÁTIA ABREU,feito
5533,senado,LASIER MARTINS,PODE,RS,sim,lasiermartins,NA,NA,LASIER MARTINS,feito
5979,senado,LEILA BARROS,PSB,DF,sim,leiladovolei,NA,NA,LEILA BARROS,feito
5926,senado,LUCAS BARRETO,PSD,AP,sim,LucasBarreto_AP,NA,NA,LUCAS BARRETO,feito
1186,senado,LUIS CARLOS HEINZE,PP,RS,sim,SenadorHeinze,NA,https://www.facebook.com/SenadorHeinze/,LUIS CARLOS HEINZE,feito
5585,senado,LUIZ DO CARMO,MDB,GO,sim,_luizdocarmo,NA,NA,LUIZ DO CARMO,feito
5557,senado,MAILZA GOMES,PP,AC,sim,MailzaGomes,NA,NA,MAILZA GOMES,feito
5666,senado,MAJOR OLIMPIO,PSL,SP,sim,majorolimpio,NA,NA,MAJOR OLIMPIO,feito
5376,senado,MARA GABRILLI,PSDB,SP,sim,maragabrilli,NA,NA,MARA GABRILLI,feito
742,senado,MARCELO CASTRO,MDB,PI,sim,MarceloCastroPI,NA,NA,MARCELO CASTRO,feito
285,senado,MARCIO BITTAR,MDB,AC,sim,marciombittar,NA,NA,MARCIO BITTAR,feito
5942,senado,MARCOS DO VAL,PPS,ES,sim,marcosdoval,NA,NA,MARCOS DO VAL,feito
5422,senado,MARCOS ROGÉRIO,DEM,RO,sim,MarcosRogerio,NA,NA,MARCOS ROGÉRIO,feito
1023,senado,MARIA DO CARMO ALVES,DEM,SE,sim,MariaSenadora,NA,https://www.facebook.com/mariadocarmo251/,MARIA DO CARMO ALVES,feito
6027,senado,MECIAS DE JESUS,PRB,RR,sim,meciasdejesus,NA,NA,MECIAS DE JESUS,feito
5985,senado,NELSINHO TRAD,PSD,MS,sim,nelsinhotrad,NA,https://www.facebook.com/nelsinhotrad/,NELSINHO TRAD,feito
5525,senado,OMAR AZIZ,PSD,AM,sim,OmarAzizPSD,NA,NA,OMAR AZIZ,feito
5924,senado,ORIOVISTO GUIMARÃES,PODE,PR,sim,Sen_Oriovisto,NA,NA,ORIOVISTO GUIMARÃES,feito
5523,senado,OTTO ALENCAR,PSD,BA,sim,ottoalencar,NA,NA,OTTO ALENCAR,feito
825,senado,PAULO PAIM,PT,RS,sim,paulopaim,NA,NA,PAULO PAIM,feito
374,senado,PAULO ROCHA,PT,PA,sim,PauloRocha_13,NA,NA,PAULO ROCHA,feito
5502,senado,PLÍNIO VALÉRIO,PSDB,AM,sim,PlinioValerio45,NA,NA,PLÍNIO VALÉRIO,feito
5012,senado,RANDOLFE RODRIGUES,REDE,AP,sim,randolfeap,NA,NA,RANDOLFE RODRIGUES,feito
5236,senado,REGUFFE,S/Partido,DF,sim,Reguffe,NA,NA,REGUFFE,feito
70,senado,RENAN CALHEIROS,MDB,AL,sim,renancalheiros,NA,NA,RENAN CALHEIROS,feito
677,senado,ROBERTO ROCHA,PSDB,MA,sim,SigaRoberto_,NA,NA,ROBERTO ROCHA,feito
5905,senado,RODRIGO CUNHA,PSDB,AL,sim,RodrigoCunhaAL,NA,NA,RODRIGO CUNHA,feito
5732,senado,RODRIGO PACHECO,DEM,MG,sim,rpsenador,NA,NA,RODRIGO PACHECO,feito
5352,senado,ROGÉRIO CARVALHO,PT,SE,sim,SenadorRogerio,NA,NA,ROGÉRIO CARVALHO,feito
5322,senado,ROMÁRIO,PODE,RJ,sim,RomarioOnze,NA,NA,ROMÁRIO,feito
2331,senado,ROSE DE FREITAS,PODE,ES,sim,senadorarose,NA,NA,ROSE DE FREITAS,feito
5929,senado,SELMA ARRUDA,PSL,MT,sim,SenadoraSelma,NA,NA,SELMA ARRUDA,feito
4560,senado,SÉRGIO PETECÃO,PSD,AC,sim,senadorpetecao,NA,NA,SÉRGIO PETECÃO,feito
5527,senado,SIMONE TEBET,MDB,MS,sim,SimoneTebetms,NA,NA,SIMONE TEBET,feito
5988,senado,SORAYA THRONICKE,PSL,MS,sim,SorayaThronicke,NA,NA,SORAYA THRONICKE,feito
5959,senado,STYVENSON VALENTIM,PODE,RN,sim,SenStyvenson,NA,NA,STYVENSON VALENTIM,feito
3396,senado,TASSO JEREISSATI,PSDB,CE,sim,tassojereissati,NA,NA,TASSO JEREISSATI,feito
5535,senado,TELMÁRIO MOTA,PROS,RR,sim,TelmarioMotaRR,NA,NA,TELMÁRIO MOTA,feito
5899,senado,VANDERLAN CARDOSO,PP,GO,sim,Vanderlan_VC,NA,NA,VANDERLAN CARDOSO,feito
5748,senado,VENEZIANO VITAL DO RÊGO,PSB,PB,sim,venezianovital,NA,NA,VENEZIANO VITAL DO RÊGO,nazareno
1173,senado,WELLINGTON FAGUNDES,PR,MT,sim,sen_wellington,NA,NA,WELLINGTON FAGUNDES,feito
5411,senado,WEVERTON,PDT,MA,sim,wevertonrocha,NA,NA,WEVERTON,feito
5783,senado,ZENAIDE MAIA,PROS,RN,sim,zenaidern,NA,NA,ZENAIDE MAIA,feito
3806,senado,ZEQUINHA MARINHO,PSC,PA,sim,ZequinhaMarinho,zequinhamarynho,https://www.facebook.com/zequinhamarinhooficial/,ZEQUINHA MARINHO,feito
